event_id,gmv_PGA,gmv_SA(0.3)
0,0.091,0.156
0,0.094,0.16
0,0.097,0.165
0,0.1,0.17
0,0.103,0.175
0,0.106,0.181
0,0.109,0.186
0,0.142,0.32
0,0.146,0.329
0,0.151,0.339
0,0.155,0.349
0,0.16,0.359
0,0.089,0.153
0,0.092,0.157
0,0.095,0.162
0,0.1,0.171
0,0.106,0.182
0,0.138,0.311
0,0.142,0.32
0,0.147,0.33
0,0.151,0.339
0,0.155,0.349
0,0.11,0.249
0,0.09,0.154
0,0.093,0.158
0,0.095,0.163
0,0.098,0.167
0,0.104,0.177
0,0.107,0.182
0,0.139,0.312
0,0.142,0.32
0,0.146,0.329
0,0.15,0.338
0,0.086,0.147
0,0.088,0.151
0,0.091,0.155
0,0.093,0.159
0,0.096,0.164
0,0.098,0.168
0,0.101,0.173
0,0.131,0.296
0,0.135,0.303
0,0.138,0.311
0,0.142,0.32
0,0.146,0.328
0,0.084,0.144
0,0.086,0.148
0,0.089,0.152
0,0.096,0.164
0,0.098,0.168
0,0.128,0.288
0,0.131,0.295
0,0.134,0.303
0,0.138,0.31
0,0.141,0.318
0,0.082,0.141
0,0.084,0.144
0,0.087,0.148
0,0.089,0.152
0,0.091,0.156
0,0.094,0.16
0,0.096,0.164
0,0.124,0.28
0,0.127,0.287
0,0.13,0.294
0,0.134,0.301
0,0.137,0.308
0,0.08,0.138
0,0.104,0.236
0,0.085,0.145
0,0.087,0.148
0,0.089,0.152
0,0.091,0.156
0,0.119,0.302
0,0.121,0.273
0,0.124,0.279
0,0.127,0.286
0,0.13,0.292
0,0.133,0.299
0,0.079,0.135
0,0.102,0.23
0,0.083,0.142
0,0.107,0.242
0,0.109,0.248
0,0.112,0.253
0,0.115,0.259
0,0.118,0.265
0,0.12,0.272
0,0.123,0.278
0,0.126,0.284
0,0.129,0.29
0,0.077,0.132
0,0.079,0.135
0,0.081,0.138
0,0.104,0.236
0,0.107,0.242
0,0.109,0.247
0,0.113,0.286
0,0.114,0.258
0,0.117,0.264
0,0.12,0.27
0,0.122,0.275
0,0.125,0.281
0,0.075,0.129
0,0.079,0.135
0,0.081,0.138
0,0.104,0.236
0,0.084,0.145
0,0.109,0.246
0,0.111,0.252
0,0.114,0.257
0,0.116,0.262
0,0.118,0.267
0,0.121,0.273
0,0.073,0.126
0,0.095,0.215
0,0.077,0.132
0,0.079,0.135
0,0.101,0.23
0,0.104,0.235
0,0.106,0.24
0,0.108,0.245
0,0.11,0.25
0,0.113,0.255
0,0.115,0.26
0,0.117,0.265
0,0.091,0.206
0,0.078,0.135
0,0.08,0.137
0,0.103,0.234
0,0.105,0.238
0,0.107,0.243
0,0.109,0.248
0,0.112,0.252
0,0.114,0.257
1,0.1,0.171
1,0.104,0.177
1,0.107,0.183
1,0.111,0.19
1,0.115,0.196
1,0.119,0.203
1,0.124,0.211
1,0.162,0.364
1,0.168,0.378
1,0.175,0.392
1,0.182,0.407
1,0.189,0.422
1,0.099,0.168
1,0.102,0.174
1,0.105,0.18
1,0.113,0.193
1,0.121,0.206
1,0.159,0.356
1,0.164,0.369
1,0.17,0.383
1,0.177,0.396
1,0.183,0.411
1,0.122,0.276
1,0.1,0.171
1,0.104,0.177
1,0.107,0.183
1,0.111,0.189
1,0.119,0.202
1,0.123,0.209
1,0.16,0.36
1,0.166,0.373
1,0.172,0.386
1,0.178,0.399
1,0.095,0.163
1,0.098,0.168
1,0.102,0.173
1,0.105,0.179
1,0.108,0.185
1,0.112,0.191
1,0.116,0.197
1,0.151,0.34
1,0.156,0.351
1,0.162,0.363
1,0.167,0.375
1,0.173,0.387
1,0.094,0.16
1,0.097,0.165
1,0.1,0.17
1,0.11,0.187
1,0.113,0.193
1,0.147,0.332
1,0.152,0.342
1,0.157,0.353
1,0.162,0.365
1,0.168,0.376
1,0.092,0.157
1,0.095,0.162
1,0.098,0.167
1,0.101,0.172
1,0.104,0.177
1,0.107,0.183
1,0.11,0.188
1,0.144,0.324
1,0.148,0.333
1,0.153,0.344
1,0.158,0.354
1,0.162,0.365
1,0.09,0.154
1,0.117,0.264
1,0.096,0.163
1,0.098,0.168
1,0.101,0.173
1,0.105,0.178
1,0.137,0.347
1,0.14,0.315
1,0.144,0.325
1,0.149,0.334
1,0.153,0.344
1,0.157,0.354
1,0.088,0.151
1,0.115,0.259
1,0.094,0.16
1,0.122,0.274
1,0.125,0.282
1,0.129,0.29
1,0.133,0.299
1,0.136,0.307
1,0.14,0.316
1,0.144,0.325
1,0.148,0.334
1,0.153,0.343
1,0.086,0.148
1,0.089,0.152
1,0.091,0.157
1,0.119,0.268
1,0.122,0.276
1,0.126,0.283
1,0.131,0.33
1,0.133,0.299
1,0.137,0.308
1,0.14,0.316
1,0.144,0.324
1,0.148,0.333
1,0.085,0.145
1,0.089,0.153
1,0.092,0.157
1,0.119,0.269
1,0.097,0.166
1,0.126,0.284
1,0.129,0.292
1,0.133,0.299
1,0.136,0.307
1,0.14,0.315
1,0.143,0.323
1,0.083,0.142
1,0.108,0.243
1,0.087,0.15
1,0.09,0.154
1,0.116,0.263
1,0.12,0.27
1,0.123,0.277
1,0.126,0.284
1,0.129,0.291
1,0.132,0.298
1,0.136,0.306
1,0.139,0.313
1,0.102,0.232
1,0.09,0.154
1,0.092,0.158
1,0.119,0.27
1,0.122,0.276
1,0.125,0.283
1,0.129,0.29
1,0.132,0.297
1,0.135,0.303
2,0.107,0.183
2,0.112,0.19
2,0.116,0.198
2,0.121,0.206
2,0.126,0.214
2,0.131,0.223
2,0.137,0.232
2,0.18,0.404
2,0.188,0.422
2,0.197,0.441
2,0.206,0.461
2,0.216,0.483
2,0.106,0.181
2,0.11,0.188
2,0.115,0.195
2,0.124,0.211
2,0.135,0.229
2,0.177,0.398
2,0.185,0.415
2,0.193,0.433
2,0.202,0.452
2,0.211,0.473
2,0.133,0.299
2,0.109,0.186
2,0.113,0.193
2,0.118,0.2
2,0.122,0.208
2,0.132,0.225
2,0.138,0.234
2,0.182,0.407
2,0.189,0.425
2,0.198,0.443
2,0.207,0.462
2,0.104,0.177
2,0.108,0.184
2,0.112,0.19
2,0.116,0.197
2,0.12,0.205
2,0.125,0.213
2,0.13,0.221
2,0.171,0.384
2,0.178,0.399
2,0.185,0.416
2,0.193,0.433
2,0.201,0.451
2,0.102,0.175
2,0.106,0.181
2,0.11,0.188
2,0.123,0.209
2,0.128,0.217
2,0.168,0.376
2,0.174,0.391
2,0.181,0.406
2,0.189,0.423
2,0.196,0.44
2,0.101,0.172
2,0.104,0.178
2,0.108,0.185
2,0.112,0.191
2,0.116,0.198
2,0.121,0.205
2,0.125,0.213
2,0.164,0.368
2,0.17,0.382
2,0.177,0.397
2,0.184,0.412
2,0.191,0.428
2,0.099,0.17
2,0.13,0.292
2,0.106,0.181
2,0.11,0.188
2,0.114,0.194
2,0.118,0.201
2,0.156,0.394
2,0.16,0.36
2,0.166,0.374
2,0.173,0.387
2,0.179,0.402
2,0.186,0.416
2,0.098,0.167
2,0.128,0.288
2,0.104,0.178
2,0.136,0.307
2,0.141,0.318
2,0.146,0.329
2,0.151,0.34
2,0.157,0.352
2,0.162,0.365
2,0.168,0.377
2,0.174,0.391
2,0.18,0.405
2,0.096,0.164
2,0.099,0.17
2,0.103,0.175
2,0.134,0.301
2,0.138,0.311
2,0.143,0.322
2,0.15,0.377
2,0.153,0.344
2,0.158,0.356
2,0.164,0.368
2,0.169,0.38
2,0.175,0.393
2,0.094,0.161
2,0.101,0.172
2,0.104,0.177
2,0.135,0.305
2,0.111,0.189
2,0.145,0.325
2,0.149,0.336
2,0.154,0.347
2,0.159,0.358
2,0.165,0.37
2,0.17,0.382
2,0.093,0.158
2,0.121,0.272
2,0.099,0.168
2,0.102,0.174
2,0.132,0.298
2,0.137,0.308
2,0.141,0.318
2,0.146,0.328
2,0.15,0.338
2,0.155,0.348
2,0.16,0.359
2,0.165,0.37
2,0.115,0.259
2,0.103,0.175
2,0.106,0.18
2,0.138,0.31
2,0.142,0.319
2,0.146,0.329
2,0.151,0.339
2,0.155,0.349
2,0.16,0.359
3,0.111,0.19
3,0.116,0.197
3,0.121,0.205
3,0.126,0.214
3,0.131,0.223
3,0.137,0.233
3,0.144,0.244
3,0.19,0.426
3,0.2,0.447
3,0.21,0.469
3,0.221,0.494
3,0.233,0.52
3,0.111,0.189
3,0.115,0.197
3,0.12,0.205
3,0.131,0.223
3,0.143,0.243
3,0.189,0.424
3,0.198,0.444
3,0.208,0.466
3,0.219,0.49
3,0.231,0.516
3,0.139,0.314
3,0.115,0.196
3,0.12,0.204
3,0.125,0.212
3,0.13,0.221
3,0.142,0.241
3,0.149,0.252
3,0.197,0.441
3,0.207,0.462
3,0.217,0.486
3,0.228,0.511
3,0.11,0.187
3,0.114,0.194
3,0.119,0.202
3,0.124,0.211
3,0.129,0.22
3,0.135,0.229
3,0.141,0.239
3,0.186,0.417
3,0.195,0.436
3,0.204,0.457
3,0.214,0.48
3,0.225,0.504
3,0.109,0.186
3,0.113,0.193
3,0.118,0.201
3,0.133,0.227
3,0.139,0.237
3,0.184,0.412
3,0.192,0.431
3,0.202,0.451
3,0.211,0.473
3,0.222,0.496
3,0.108,0.184
3,0.112,0.191
3,0.117,0.199
3,0.121,0.207
3,0.126,0.215
3,0.132,0.224
3,0.138,0.234
3,0.181,0.407
3,0.19,0.425
3,0.198,0.444
3,0.208,0.465
3,0.218,0.488
3,0.107,0.182
3,0.14,0.315
3,0.115,0.197
3,0.12,0.204
3,0.125,0.213
3,0.13,0.221
3,0.173,0.435
3,0.179,0.401
3,0.187,0.418
3,0.195,0.437
3,0.204,0.457
3,0.214,0.478
3,0.106,0.18
3,0.138,0.312
3,0.114,0.194
3,0.15,0.336
3,0.156,0.349
3,0.162,0.364
3,0.169,0.378
3,0.176,0.394
3,0.183,0.411
3,0.191,0.429
3,0.2,0.448
3,0.209,0.468
3,0.104,0.178
3,0.108,0.185
3,0.112,0.192
3,0.147,0.332
3,0.153,0.344
3,0.159,0.358
3,0.168,0.422
3,0.173,0.387
3,0.18,0.403
3,0.187,0.42
3,0.195,0.438
3,0.204,0.457
3,0.103,0.176
3,0.111,0.189
3,0.115,0.196
3,0.151,0.339
3,0.124,0.211
3,0.163,0.365
3,0.169,0.38
3,0.176,0.395
3,0.183,0.411
3,0.191,0.428
3,0.199,0.445
3,0.102,0.173
3,0.133,0.299
3,0.109,0.186
3,0.113,0.193
3,0.148,0.333
3,0.154,0.345
3,0.16,0.358
3,0.166,0.372
3,0.172,0.386
3,0.179,0.402
3,0.186,0.417
3,0.194,0.434
3,0.126,0.285
3,0.115,0.196
3,0.119,0.203
3,0.156,0.351
3,0.162,0.364
3,0.168,0.378
3,0.175,0.392
3,0.181,0.407
3,0.188,0.422
4,0.111,0.189
4,0.115,0.196
4,0.12,0.204
4,0.125,0.213
4,0.13,0.222
4,0.136,0.232
4,0.143,0.242
4,0.188,0.422
4,0.198,0.443
4,0.207,0.464
4,0.218,0.488
4,0.23,0.514
4,0.111,0.189
4,0.116,0.197
4,0.12,0.205
4,0.131,0.223
4,0.143,0.244
4,0.19,0.425
4,0.199,0.446
4,0.209,0.468
4,0.22,0.492
4,0.232,0.518
4,0.141,0.316
4,0.116,0.198
4,0.121,0.206
4,0.126,0.214
4,0.132,0.224
4,0.144,0.245
4,0.151,0.256
4,0.2,0.448
4,0.21,0.47
4,0.221,0.495
4,0.233,0.521
4,0.112,0.19
4,0.116,0.198
4,0.121,0.206
4,0.126,0.215
4,0.132,0.224
4,0.138,0.234
4,0.144,0.245
4,0.191,0.428
4,0.2,0.449
4,0.211,0.472
4,0.222,0.496
4,0.234,0.523
4,0.112,0.19
4,0.116,0.198
4,0.121,0.206
4,0.138,0.234
4,0.144,0.245
4,0.191,0.428
4,0.2,0.449
4,0.211,0.472
4,0.222,0.496
4,0.234,0.523
4,0.111,0.19
4,0.116,0.198
4,0.121,0.206
4,0.126,0.214
4,0.132,0.224
4,0.138,0.234
4,0.144,0.245
4,0.191,0.427
4,0.2,0.448
4,0.21,0.47
4,0.221,0.495
4,0.233,0.522
4,0.111,0.189
4,0.146,0.328
4,0.12,0.205
4,0.126,0.214
4,0.131,0.223
4,0.137,0.233
4,0.183,0.46
4,0.19,0.425
4,0.199,0.446
4,0.209,0.468
4,0.22,0.492
4,0.232,0.518
4,0.111,0.189
4,0.145,0.327
4,0.12,0.204
4,0.158,0.355
4,0.165,0.37
4,0.172,0.386
4,0.18,0.404
4,0.188,0.422
4,0.198,0.443
4,0.207,0.464
4,0.218,0.488
4,0.23,0.514
4,0.11,0.188
4,0.114,0.195
4,0.119,0.203
4,0.157,0.352
4,0.164,0.367
4,0.171,0.383
4,0.181,0.454
4,0.187,0.419
4,0.196,0.439
4,0.205,0.46
4,0.216,0.483
4,0.227,0.508
4,0.109,0.186
4,0.118,0.201
4,0.123,0.21
4,0.162,0.364
4,0.134,0.228
4,0.177,0.397
4,0.185,0.415
4,0.194,0.434
4,0.203,0.454
4,0.213,0.476
4,0.224,0.5
4,0.108,0.185
4,0.142,0.32
4,0.117,0.2
4,0.122,0.208
4,0.161,0.361
4,0.167,0.376
4,0.175,0.392
4,0.183,0.409
4,0.191,0.428
4,0.2,0.448
4,0.21,0.469
4,0.22,0.492
4,0.136,0.305
4,0.126,0.214
4,0.131,0.223
4,0.172,0.387
4,0.18,0.404
4,0.188,0.422
4,0.197,0.441
4,0.206,0.461
4,0.216,0.483
5,0.106,0.18
5,0.11,0.187
5,0.114,0.194
5,0.118,0.202
5,0.123,0.21
5,0.128,0.218
5,0.133,0.227
5,0.176,0.394
5,0.183,0.411
5,0.191,0.428
5,0.2,0.447
5,0.209,0.467
5,0.107,0.182
5,0.111,0.189
5,0.115,0.196
5,0.125,0.212
5,0.136,0.23
5,0.179,0.401
5,0.186,0.418
5,0.195,0.437
5,0.204,0.457
5,0.213,0.478
5,0.136,0.307
5,0.112,0.191
5,0.117,0.199
5,0.121,0.207
5,0.126,0.215
5,0.138,0.234
5,0.144,0.244
5,0.19,0.425
5,0.198,0.444
5,0.208,0.465
5,0.218,0.487
5,0.109,0.186
5,0.113,0.193
5,0.118,0.201
5,0.123,0.209
5,0.128,0.217
5,0.133,0.227
5,0.139,0.237
5,0.184,0.412
5,0.192,0.431
5,0.201,0.451
5,0.211,0.473
5,0.222,0.496
5,0.11,0.187
5,0.114,0.194
5,0.119,0.202
5,0.135,0.229
5,0.141,0.239
5,0.186,0.417
5,0.195,0.436
5,0.204,0.457
5,0.214,0.48
5,0.225,0.504
5,0.11,0.188
5,0.115,0.196
5,0.12,0.204
5,0.125,0.212
5,0.13,0.221
5,0.136,0.231
5,0.142,0.241
5,0.188,0.421
5,0.197,0.441
5,0.206,0.462
5,0.217,0.486
5,0.228,0.511
5,0.111,0.189
5,0.146,0.328
5,0.12,0.205
5,0.125,0.213
5,0.131,0.222
5,0.137,0.232
5,0.183,0.459
5,0.189,0.424
5,0.198,0.444
5,0.208,0.466
5,0.219,0.49
5,0.231,0.516
5,0.111,0.19
5,0.146,0.329
5,0.121,0.205
5,0.159,0.357
5,0.166,0.373
5,0.173,0.389
5,0.182,0.407
5,0.19,0.426
5,0.2,0.447
5,0.21,0.469
5,0.221,0.494
5,0.233,0.52
5,0.111,0.19
5,0.116,0.198
5,0.121,0.206
5,0.159,0.358
5,0.166,0.373
5,0.174,0.39
5,0.184,0.463
5,0.191,0.428
5,0.2,0.448
5,0.21,0.471
5,0.222,0.496
5,0.234,0.523
5,0.112,0.19
5,0.121,0.206
5,0.126,0.215
5,0.167,0.374
5,0.138,0.234
5,0.182,0.409
5,0.191,0.428
5,0.201,0.449
5,0.211,0.472
5,0.222,0.496
5,0.234,0.523
5,0.111,0.19
5,0.147,0.33
5,0.121,0.206
5,0.126,0.215
5,0.166,0.373
5,0.174,0.39
5,0.182,0.408
5,0.191,0.428
5,0.2,0.448
5,0.21,0.471
5,0.222,0.496
5,0.234,0.523
5,0.14,0.316
5,0.131,0.223
5,0.137,0.233
5,0.181,0.407
5,0.19,0.426
5,0.2,0.447
5,0.21,0.469
5,0.221,0.494
5,0.233,0.52
6,0.093,0.159
6,0.096,0.163
6,0.098,0.167
6,0.1,0.171
6,0.103,0.176
6,0.105,0.18
6,0.108,0.184
6,0.139,0.313
6,0.142,0.32
6,0.145,0.326
6,0.148,0.333
6,0.151,0.339
6,0.091,0.155
6,0.093,0.159
6,0.095,0.163
6,0.1,0.171
6,0.104,0.178
6,0.135,0.303
6,0.137,0.309
6,0.14,0.315
6,0.143,0.321
6,0.145,0.327
6,0.112,0.253
6,0.091,0.155
6,0.093,0.159
6,0.095,0.162
6,0.097,0.166
6,0.101,0.173
6,0.103,0.176
6,0.133,0.299
6,0.135,0.305
6,0.138,0.31
6,0.14,0.315
6,0.086,0.148
6,0.088,0.151
6,0.09,0.154
6,0.092,0.158
6,0.094,0.161
6,0.096,0.164
6,0.098,0.167
6,0.126,0.284
6,0.128,0.29
6,0.131,0.295
6,0.133,0.3
6,0.135,0.304
6,0.084,0.144
6,0.086,0.147
6,0.088,0.15
6,0.093,0.159
6,0.095,0.162
6,0.122,0.276
6,0.124,0.281
6,0.126,0.285
6,0.129,0.29
6,0.131,0.294
6,0.082,0.14
6,0.084,0.143
6,0.085,0.146
6,0.087,0.149
6,0.089,0.152
6,0.09,0.155
6,0.092,0.158
6,0.118,0.267
6,0.12,0.272
6,0.122,0.276
6,0.124,0.28
6,0.126,0.284
6,0.08,0.137
6,0.103,0.232
6,0.083,0.142
6,0.085,0.145
6,0.086,0.148
6,0.088,0.15
6,0.114,0.289
6,0.115,0.259
6,0.117,0.263
6,0.118,0.267
6,0.12,0.271
6,0.122,0.275
6,0.078,0.133
6,0.1,0.226
6,0.081,0.138
6,0.104,0.235
6,0.106,0.239
6,0.107,0.243
6,0.109,0.247
6,0.111,0.251
6,0.113,0.255
6,0.115,0.259
6,0.116,0.263
6,0.118,0.266
6,0.076,0.13
6,0.077,0.132
6,0.078,0.135
6,0.101,0.228
6,0.103,0.232
6,0.104,0.236
6,0.107,0.272
6,0.108,0.244
6,0.109,0.247
6,0.111,0.251
6,0.112,0.254
6,0.114,0.257
6,0.074,0.127
6,0.076,0.131
6,0.078,0.133
6,0.1,0.226
6,0.08,0.138
6,0.103,0.233
6,0.105,0.237
6,0.106,0.24
6,0.107,0.243
6,0.109,0.246
6,0.11,0.249
6,0.072,0.123
6,0.092,0.209
6,0.074,0.128
6,0.076,0.13
6,0.097,0.22
6,0.098,0.223
6,0.1,0.226
6,0.101,0.23
6,0.103,0.233
6,0.104,0.236
6,0.105,0.239
6,0.107,0.241
6,0.088,0.2
6,0.075,0.128
6,0.076,0.13
6,0.097,0.22
6,0.098,0.223
6,0.1,0.226
6,0.101,0.229
6,0.102,0.231
6,0.103,0.234
7,0.107,0.183
7,0.11,0.188
7,0.114,0.194
7,0.117,0.2
7,0.121,0.206
7,0.124,0.212
7,0.128,0.218
7,0.167,0.374
7,0.171,0.384
7,0.176,0.395
7,0.181,0.405
7,0.185,0.416
7,0.105,0.178
7,0.108,0.184
7,0.111,0.189
7,0.117,0.2
7,0.124,0.211
7,0.161,0.362
7,0.166,0.372
7,0.17,0.381
7,0.174,0.391
7,0.178,0.4
7,0.129,0.29
7,0.105,0.179
7,0.108,0.184
7,0.111,0.189
7,0.114,0.194
7,0.12,0.205
7,0.123,0.21
7,0.16,0.359
7,0.164,0.368
7,0.168,0.377
7,0.172,0.385
7,0.099,0.17
7,0.102,0.174
7,0.105,0.179
7,0.108,0.184
7,0.111,0.189
7,0.114,0.194
7,0.117,0.199
7,0.151,0.339
7,0.155,0.347
7,0.158,0.355
7,0.162,0.363
7,0.165,0.371
7,0.097,0.166
7,0.099,0.17
7,0.102,0.174
7,0.11,0.188
7,0.113,0.192
7,0.146,0.328
7,0.149,0.336
7,0.153,0.343
7,0.156,0.35
7,0.159,0.358
7,0.094,0.161
7,0.097,0.166
7,0.099,0.17
7,0.102,0.174
7,0.104,0.178
7,0.107,0.182
7,0.109,0.186
7,0.141,0.318
7,0.144,0.325
7,0.147,0.332
7,0.15,0.338
7,0.153,0.345
7,0.092,0.157
7,0.119,0.269
7,0.097,0.165
7,0.099,0.169
7,0.101,0.173
7,0.104,0.177
7,0.135,0.341
7,0.137,0.308
7,0.14,0.314
7,0.142,0.32
7,0.145,0.327
7,0.148,0.332
7,0.09,0.153
7,0.116,0.262
7,0.094,0.161
7,0.121,0.274
7,0.124,0.28
7,0.127,0.286
7,0.13,0.292
7,0.132,0.298
7,0.135,0.304
7,0.138,0.31
7,0.14,0.315
7,0.143,0.321
7,0.087,0.15
7,0.089,0.153
7,0.091,0.156
7,0.118,0.266
7,0.12,0.272
7,0.123,0.278
7,0.127,0.321
7,0.128,0.289
7,0.131,0.294
7,0.133,0.3
7,0.135,0.305
7,0.138,0.31
7,0.085,0.146
7,0.089,0.152
7,0.091,0.155
7,0.117,0.264
7,0.095,0.162
7,0.122,0.275
7,0.124,0.28
7,0.126,0.285
7,0.129,0.29
7,0.131,0.295
7,0.133,0.299
7,0.083,0.142
7,0.107,0.242
7,0.086,0.148
7,0.088,0.151
7,0.114,0.257
7,0.116,0.262
7,0.118,0.266
7,0.12,0.271
7,0.122,0.276
7,0.124,0.28
7,0.126,0.285
7,0.128,0.289
7,0.102,0.231
7,0.087,0.15
7,0.089,0.152
7,0.114,0.259
7,0.116,0.263
7,0.118,0.267
7,0.12,0.271
7,0.122,0.276
7,0.124,0.279
8,0.121,0.206
8,0.126,0.214
8,0.13,0.222
8,0.135,0.23
8,0.141,0.239
8,0.146,0.248
8,0.152,0.257
8,0.199,0.445
8,0.206,0.462
8,0.214,0.479
8,0.222,0.497
8,0.23,0.515
8,0.119,0.202
8,0.123,0.209
8,0.127,0.217
8,0.137,0.233
8,0.147,0.25
8,0.193,0.431
8,0.2,0.447
8,0.207,0.463
8,0.214,0.479
8,0.221,0.495
8,0.147,0.33
8,0.12,0.205
8,0.124,0.212
8,0.129,0.219
8,0.133,0.227
8,0.143,0.243
8,0.148,0.251
8,0.193,0.432
8,0.2,0.447
8,0.206,0.462
8,0.213,0.476
8,0.114,0.194
8,0.117,0.2
8,0.121,0.207
8,0.125,0.213
8,0.13,0.221
8,0.134,0.228
8,0.139,0.235
8,0.181,0.405
8,0.187,0.418
8,0.193,0.431
8,0.199,0.445
8,0.205,0.458
8,0.111,0.189
8,0.115,0.195
8,0.118,0.201
8,0.13,0.221
8,0.134,0.228
8,0.175,0.392
8,0.18,0.404
8,0.186,0.416
8,0.191,0.428
8,0.197,0.44
8,0.108,0.185
8,0.112,0.191
8,0.115,0.196
8,0.119,0.202
8,0.123,0.209
8,0.126,0.215
8,0.13,0.221
8,0.169,0.38
8,0.174,0.391
8,0.179,0.402
8,0.184,0.413
8,0.189,0.424
8,0.106,0.18
8,0.138,0.31
8,0.112,0.191
8,0.116,0.197
8,0.119,0.203
8,0.123,0.209
8,0.161,0.405
8,0.164,0.368
8,0.168,0.378
8,0.173,0.388
8,0.177,0.398
8,0.182,0.408
8,0.103,0.176
8,0.134,0.302
8,0.109,0.186
8,0.142,0.319
8,0.146,0.328
8,0.15,0.337
8,0.154,0.347
8,0.158,0.356
8,0.163,0.365
8,0.167,0.374
8,0.171,0.383
8,0.175,0.392
8,0.101,0.172
8,0.103,0.177
8,0.106,0.181
8,0.138,0.311
8,0.142,0.319
8,0.146,0.327
8,0.151,0.381
8,0.153,0.344
8,0.157,0.353
8,0.161,0.361
8,0.165,0.37
8,0.168,0.378
8,0.098,0.168
8,0.103,0.177
8,0.106,0.181
8,0.138,0.31
8,0.112,0.191
8,0.145,0.326
8,0.148,0.333
8,0.152,0.341
8,0.155,0.349
8,0.159,0.357
8,0.162,0.364
8,0.096,0.163
8,0.124,0.279
8,0.101,0.172
8,0.103,0.176
8,0.134,0.301
8,0.137,0.308
8,0.14,0.316
8,0.143,0.323
8,0.147,0.33
8,0.15,0.337
8,0.153,0.344
8,0.156,0.351
8,0.118,0.266
8,0.103,0.175
8,0.105,0.179
8,0.136,0.306
8,0.139,0.313
8,0.142,0.319
8,0.145,0.326
8,0.148,0.332
8,0.15,0.338
9,0.133,0.226
9,0.139,0.236
9,0.145,0.246
9,0.152,0.257
9,0.159,0.269
9,0.166,0.282
9,0.174,0.295
9,0.231,0.516
9,0.242,0.542
9,0.255,0.569
9,0.268,0.598
9,0.282,0.63
9,0.131,0.223
9,0.137,0.233
9,0.143,0.242
9,0.156,0.264
9,0.17,0.289
9,0.225,0.504
9,0.236,0.528
9,0.248,0.553
9,0.26,0.58
9,0.273,0.609
9,0.163,0.366
9,0.135,0.229
9,0.14,0.238
9,0.146,0.248
9,0.153,0.259
9,0.166,0.282
9,0.174,0.295
9,0.23,0.514
9,0.24,0.537
9,0.251,0.562
9,0.263,0.588
9,0.127,0.216
9,0.132,0.225
9,0.138,0.234
9,0.143,0.243
9,0.149,0.253
9,0.156,0.264
9,0.162,0.275
9,0.214,0.478
9,0.223,0.499
9,0.233,0.52
9,0.243,0.543
9,0.254,0.567
9,0.125,0.212
9,0.13,0.22
9,0.135,0.229
9,0.152,0.258
9,0.158,0.268
9,0.208,0.465
9,0.216,0.484
9,0.225,0.504
9,0.235,0.524
9,0.244,0.545
9,0.122,0.208
9,0.127,0.216
9,0.132,0.224
9,0.137,0.233
9,0.142,0.242
9,0.148,0.251
9,0.154,0.261
9,0.202,0.451
9,0.21,0.469
9,0.218,0.487
9,0.226,0.506
9,0.235,0.525
9,0.12,0.204
9,0.157,0.353
9,0.129,0.219
9,0.134,0.227
9,0.139,0.236
9,0.144,0.244
9,0.191,0.479
9,0.195,0.438
9,0.203,0.454
9,0.21,0.471
9,0.218,0.488
9,0.226,0.505
9,0.117,0.2
9,0.153,0.345
9,0.126,0.214
9,0.165,0.37
9,0.17,0.383
9,0.177,0.396
9,0.183,0.41
9,0.189,0.425
9,0.196,0.439
9,0.203,0.455
9,0.21,0.47
9,0.217,0.485
9,0.115,0.196
9,0.119,0.202
9,0.123,0.209
9,0.16,0.36
9,0.166,0.372
9,0.172,0.385
9,0.179,0.451
9,0.183,0.411
9,0.19,0.425
9,0.196,0.439
9,0.202,0.453
9,0.208,0.467
9,0.112,0.191
9,0.12,0.204
9,0.124,0.211
9,0.161,0.362
9,0.132,0.224
9,0.172,0.386
9,0.178,0.398
9,0.183,0.411
9,0.189,0.424
9,0.195,0.436
9,0.2,0.449
9,0.11,0.187
9,0.143,0.321
9,0.117,0.199
9,0.12,0.205
9,0.157,0.352
9,0.162,0.363
9,0.167,0.374
9,0.172,0.386
9,0.177,0.397
9,0.182,0.409
9,0.187,0.42
9,0.193,0.432
9,0.135,0.304
9,0.121,0.206
9,0.124,0.212
9,0.162,0.363
9,0.166,0.373
9,0.171,0.384
9,0.176,0.394
9,0.181,0.405
9,0.185,0.415
10,0.14,0.238
10,0.146,0.249
10,0.154,0.26
10,0.161,0.273
10,0.169,0.287
10,0.178,0.302
10,0.188,0.319
10,0.251,0.561
10,0.266,0.594
10,0.282,0.631
10,0.301,0.671
10,0.321,0.715
10,0.139,0.236
10,0.146,0.247
10,0.153,0.259
10,0.168,0.285
10,0.187,0.316
10,0.249,0.556
10,0.264,0.589
10,0.279,0.624
10,0.297,0.663
10,0.316,0.706
10,0.175,0.392
10,0.145,0.246
10,0.151,0.257
10,0.159,0.269
10,0.167,0.283
10,0.185,0.313
10,0.195,0.33
10,0.26,0.581
10,0.275,0.615
10,0.292,0.652
10,0.31,0.693
10,0.137,0.233
10,0.143,0.243
10,0.15,0.255
10,0.157,0.267
10,0.165,0.28
10,0.173,0.294
10,0.182,0.309
10,0.242,0.542
10,0.256,0.571
10,0.27,0.604
10,0.286,0.639
10,0.303,0.677
10,0.136,0.231
10,0.142,0.241
10,0.148,0.252
10,0.171,0.289
10,0.179,0.304
10,0.238,0.532
10,0.251,0.56
10,0.264,0.591
10,0.279,0.623
10,0.295,0.659
10,0.134,0.228
10,0.14,0.238
10,0.146,0.248
10,0.153,0.259
10,0.16,0.271
10,0.168,0.284
10,0.176,0.298
10,0.233,0.521
10,0.245,0.548
10,0.258,0.576
10,0.272,0.607
10,0.287,0.64
10,0.132,0.225
10,0.174,0.391
10,0.144,0.244
10,0.15,0.255
10,0.157,0.267
10,0.164,0.279
10,0.22,0.551
10,0.228,0.51
10,0.239,0.535
10,0.251,0.561
10,0.264,0.589
10,0.277,0.619
10,0.13,0.222
10,0.171,0.384
10,0.141,0.24
10,0.186,0.418
10,0.195,0.436
10,0.203,0.455
10,0.213,0.476
10,0.222,0.497
10,0.233,0.521
10,0.244,0.545
10,0.256,0.571
10,0.268,0.598
10,0.128,0.218
10,0.133,0.227
10,0.139,0.236
10,0.183,0.41
10,0.19,0.427
10,0.199,0.445
10,0.21,0.526
10,0.217,0.485
10,0.226,0.506
10,0.236,0.529
10,0.247,0.552
10,0.258,0.577
10,0.126,0.214
10,0.136,0.231
10,0.142,0.241
10,0.186,0.417
10,0.154,0.261
10,0.202,0.452
10,0.211,0.471
10,0.22,0.491
10,0.229,0.512
10,0.239,0.533
10,0.249,0.556
10,0.124,0.21
10,0.162,0.364
10,0.133,0.227
10,0.138,0.235
10,0.182,0.408
10,0.189,0.424
10,0.197,0.44
10,0.205,0.458
10,0.213,0.476
10,0.221,0.495
10,0.23,0.515
10,0.239,0.535
10,0.153,0.344
10,0.14,0.239
10,0.146,0.248
10,0.191,0.428
10,0.198,0.444
10,0.206,0.461
10,0.214,0.479
10,0.222,0.496
10,0.23,0.514
11,0.139,0.236
11,0.145,0.246
11,0.152,0.258
11,0.16,0.271
11,0.168,0.284
11,0.176,0.299
11,0.186,0.315
11,0.248,0.553
11,0.262,0.585
11,0.277,0.619
11,0.295,0.657
11,0.313,0.699
11,0.14,0.237
11,0.146,0.248
11,0.153,0.26
11,0.169,0.286
11,0.188,0.318
11,0.25,0.559
11,0.265,0.592
11,0.281,0.627
11,0.299,0.667
11,0.319,0.711
11,0.177,0.397
11,0.147,0.249
11,0.154,0.261
11,0.162,0.274
11,0.17,0.288
11,0.189,0.32
11,0.2,0.338
11,0.267,0.596
11,0.283,0.633
11,0.302,0.673
11,0.322,0.719
11,0.14,0.238
11,0.147,0.25
11,0.154,0.262
11,0.162,0.275
11,0.17,0.289
11,0.179,0.304
11,0.189,0.321
11,0.253,0.565
11,0.268,0.599
11,0.285,0.636
11,0.303,0.677
11,0.324,0.723
11,0.14,0.238
11,0.147,0.25
11,0.154,0.262
11,0.179,0.304
11,0.189,0.321
11,0.253,0.565
11,0.268,0.599
11,0.285,0.636
11,0.303,0.677
11,0.324,0.723
11,0.14,0.238
11,0.147,0.249
11,0.154,0.261
11,0.162,0.274
11,0.17,0.288
11,0.179,0.303
11,0.189,0.32
11,0.252,0.563
11,0.267,0.596
11,0.283,0.633
11,0.302,0.673
11,0.322,0.719
11,0.14,0.237
11,0.184,0.413
11,0.153,0.26
11,0.161,0.273
11,0.169,0.286
11,0.178,0.301
11,0.239,0.6
11,0.25,0.559
11,0.265,0.592
11,0.281,0.627
11,0.299,0.667
11,0.319,0.711
11,0.139,0.236
11,0.183,0.411
11,0.152,0.258
11,0.201,0.451
11,0.212,0.474
11,0.223,0.498
11,0.235,0.524
11,0.248,0.553
11,0.262,0.585
11,0.277,0.619
11,0.295,0.657
11,0.313,0.699
11,0.138,0.234
11,0.144,0.244
11,0.151,0.256
11,0.199,0.447
11,0.209,0.469
11,0.22,0.492
11,0.234,0.587
11,0.244,0.546
11,0.258,0.576
11,0.273,0.609
11,0.289,0.645
11,0.307,0.685
11,0.136,0.232
11,0.149,0.253
11,0.156,0.265
11,0.207,0.463
11,0.172,0.291
11,0.228,0.51
11,0.24,0.537
11,0.253,0.566
11,0.267,0.597
11,0.283,0.631
11,0.299,0.668
11,0.135,0.229
11,0.178,0.399
11,0.147,0.25
11,0.154,0.261
11,0.204,0.456
11,0.214,0.478
11,0.224,0.501
11,0.236,0.527
11,0.248,0.554
11,0.261,0.583
11,0.275,0.615
11,0.291,0.649
11,0.168,0.377
11,0.159,0.269
11,0.166,0.282
11,0.22,0.492
11,0.231,0.516
11,0.242,0.541
11,0.254,0.569
11,0.268,0.598
11,0.282,0.629
12,0.13,0.221
12,0.136,0.231
12,0.141,0.24
12,0.148,0.251
12,0.154,0.261
12,0.161,0.273
12,0.168,0.285
12,0.222,0.497
12,0.233,0.521
12,0.244,0.545
12,0.256,0.571
12,0.268,0.598
12,0.132,0.225
12,0.138,0.234
12,0.144,0.244
12,0.157,0.267
12,0.172,0.292
12,0.228,0.51
12,0.239,0.535
12,0.251,0.561
12,0.264,0.589
12,0.277,0.619
12,0.169,0.38
12,0.14,0.238
12,0.146,0.248
12,0.153,0.259
12,0.16,0.271
12,0.176,0.298
12,0.185,0.313
12,0.245,0.548
12,0.258,0.576
12,0.272,0.607
12,0.287,0.64
12,0.136,0.231
12,0.142,0.241
12,0.148,0.252
12,0.155,0.263
12,0.163,0.276
12,0.171,0.289
12,0.179,0.304
12,0.238,0.532
12,0.251,0.56
12,0.264,0.591
12,0.279,0.623
12,0.295,0.659
12,0.137,0.233
12,0.143,0.243
12,0.15,0.255
12,0.173,0.293
12,0.182,0.309
12,0.242,0.542
12,0.256,0.571
12,0.27,0.603
12,0.286,0.639
12,0.303,0.677
12,0.138,0.235
12,0.145,0.246
12,0.151,0.257
12,0.159,0.269
12,0.167,0.283
12,0.175,0.297
12,0.185,0.313
12,0.246,0.55
12,0.26,0.581
12,0.275,0.615
12,0.292,0.652
12,0.31,0.693
12,0.139,0.236
12,0.184,0.412
12,0.153,0.259
12,0.16,0.272
12,0.168,0.285
12,0.177,0.3
12,0.238,0.597
12,0.249,0.556
12,0.263,0.589
12,0.279,0.624
12,0.297,0.663
12,0.316,0.706
12,0.14,0.238
12,0.185,0.414
12,0.154,0.26
12,0.203,0.456
12,0.214,0.479
12,0.225,0.504
12,0.238,0.531
12,0.251,0.561
12,0.266,0.594
12,0.282,0.63
12,0.301,0.671
12,0.321,0.715
12,0.14,0.238
12,0.147,0.249
12,0.154,0.261
12,0.204,0.457
12,0.215,0.481
12,0.226,0.506
12,0.241,0.605
12,0.253,0.564
12,0.268,0.598
12,0.284,0.635
12,0.303,0.676
12,0.323,0.721
12,0.14,0.239
12,0.154,0.262
12,0.162,0.275
12,0.215,0.481
12,0.18,0.304
12,0.239,0.535
12,0.253,0.565
12,0.268,0.599
12,0.285,0.636
12,0.304,0.677
12,0.324,0.723
12,0.14,0.238
12,0.185,0.416
12,0.154,0.261
12,0.162,0.274
12,0.215,0.481
12,0.226,0.506
12,0.239,0.534
12,0.253,0.564
12,0.268,0.598
12,0.284,0.635
12,0.303,0.676
12,0.323,0.721
12,0.177,0.396
12,0.169,0.287
12,0.178,0.302
12,0.238,0.531
12,0.251,0.561
12,0.266,0.594
12,0.282,0.63
12,0.3,0.67
12,0.321,0.715
13,0.117,0.2
13,0.122,0.207
13,0.126,0.214
13,0.13,0.222
13,0.135,0.23
13,0.14,0.238
13,0.145,0.246
13,0.189,0.425
13,0.196,0.439
13,0.203,0.454
13,0.21,0.47
13,0.217,0.485
13,0.12,0.204
13,0.124,0.211
13,0.129,0.219
13,0.139,0.236
13,0.149,0.253
13,0.195,0.438
13,0.203,0.454
13,0.21,0.471
13,0.218,0.488
13,0.226,0.505
13,0.154,0.347
13,0.127,0.216
13,0.132,0.224
13,0.137,0.233
13,0.142,0.242
13,0.154,0.261
13,0.16,0.271
13,0.209,0.469
13,0.218,0.487
13,0.226,0.506
13,0.235,0.525
13,0.125,0.212
13,0.13,0.22
13,0.135,0.229
13,0.14,0.238
13,0.146,0.248
13,0.152,0.257
13,0.158,0.268
13,0.208,0.465
13,0.216,0.484
13,0.225,0.504
13,0.234,0.524
13,0.244,0.545
13,0.127,0.216
13,0.132,0.225
13,0.138,0.234
13,0.156,0.264
13,0.162,0.275
13,0.214,0.478
13,0.223,0.499
13,0.233,0.52
13,0.243,0.543
13,0.254,0.566
13,0.129,0.22
13,0.135,0.229
13,0.14,0.238
13,0.146,0.248
13,0.153,0.259
13,0.159,0.27
13,0.166,0.282
13,0.22,0.491
13,0.23,0.514
13,0.24,0.537
13,0.251,0.562
13,0.263,0.588
13,0.131,0.223
13,0.173,0.388
13,0.143,0.242
13,0.149,0.253
13,0.156,0.264
13,0.163,0.276
13,0.218,0.546
13,0.225,0.504
13,0.236,0.528
13,0.248,0.553
13,0.26,0.58
13,0.273,0.609
13,0.133,0.226
13,0.175,0.394
13,0.145,0.246
13,0.191,0.429
13,0.2,0.449
13,0.21,0.47
13,0.22,0.492
13,0.231,0.516
13,0.242,0.542
13,0.255,0.569
13,0.268,0.598
13,0.282,0.63
13,0.135,0.229
13,0.141,0.239
13,0.147,0.25
13,0.195,0.436
13,0.204,0.456
13,0.214,0.478
13,0.227,0.569
13,0.236,0.527
13,0.248,0.554
13,0.261,0.584
13,0.276,0.616
13,0.291,0.65
13,0.136,0.232
13,0.149,0.253
13,0.156,0.265
13,0.207,0.463
13,0.172,0.291
13,0.228,0.511
13,0.24,0.537
13,0.253,0.566
13,0.268,0.597
13,0.283,0.631
13,0.3,0.668
13,0.138,0.234
13,0.182,0.408
13,0.151,0.256
13,0.158,0.268
13,0.209,0.469
13,0.22,0.493
13,0.232,0.518
13,0.244,0.546
13,0.258,0.576
13,0.273,0.61
13,0.289,0.646
13,0.307,0.685
13,0.175,0.393
13,0.168,0.284
13,0.176,0.299
13,0.235,0.525
13,0.248,0.553
13,0.262,0.585
13,0.278,0.62
13,0.295,0.658
13,0.314,0.7
14,0.103,0.176
14,0.106,0.181
14,0.109,0.186
14,0.112,0.192
14,0.116,0.197
14,0.119,0.202
14,0.122,0.208
14,0.158,0.356
14,0.163,0.365
14,0.167,0.374
14,0.171,0.383
14,0.175,0.392
14,0.106,0.18
14,0.109,0.186
14,0.112,0.191
14,0.119,0.203
14,0.126,0.215
14,0.164,0.368
14,0.168,0.378
14,0.173,0.388
14,0.177,0.398
14,0.182,0.408
14,0.137,0.308
14,0.112,0.19
14,0.115,0.196
14,0.119,0.202
14,0.123,0.209
14,0.13,0.221
14,0.134,0.228
14,0.174,0.391
14,0.179,0.402
14,0.184,0.413
14,0.189,0.424
14,0.111,0.189
14,0.115,0.195
14,0.118,0.201
14,0.122,0.208
14,0.126,0.215
14,0.13,0.221
14,0.134,0.228
14,0.175,0.392
14,0.18,0.404
14,0.186,0.416
14,0.191,0.428
14,0.197,0.44
14,0.114,0.193
14,0.117,0.2
14,0.121,0.207
14,0.134,0.228
14,0.139,0.235
14,0.181,0.405
14,0.187,0.418
14,0.193,0.431
14,0.199,0.445
14,0.205,0.458
14,0.116,0.198
14,0.12,0.205
14,0.124,0.212
14,0.129,0.219
14,0.133,0.227
14,0.138,0.234
14,0.143,0.243
14,0.187,0.418
14,0.193,0.432
14,0.2,0.447
14,0.206,0.462
14,0.213,0.476
14,0.119,0.202
14,0.155,0.349
14,0.127,0.217
14,0.132,0.225
14,0.137,0.233
14,0.142,0.241
14,0.188,0.472
14,0.193,0.431
14,0.2,0.447
14,0.207,0.463
14,0.214,0.479
14,0.221,0.495
14,0.121,0.206
14,0.159,0.356
14,0.13,0.222
14,0.171,0.383
14,0.177,0.398
14,0.184,0.413
14,0.191,0.429
14,0.199,0.445
14,0.206,0.462
14,0.214,0.479
14,0.222,0.497
14,0.23,0.515
14,0.124,0.21
14,0.128,0.218
14,0.133,0.227
14,0.175,0.393
14,0.182,0.408
14,0.189,0.424
14,0.199,0.499
14,0.205,0.458
14,0.213,0.477
14,0.222,0.496
14,0.23,0.515
14,0.24,0.535
14,0.126,0.214
14,0.136,0.231
14,0.142,0.241
14,0.186,0.418
14,0.154,0.261
14,0.202,0.453
14,0.211,0.472
14,0.22,0.492
14,0.229,0.512
14,0.239,0.534
14,0.249,0.556
14,0.128,0.218
14,0.168,0.378
14,0.139,0.236
14,0.145,0.246
14,0.191,0.427
14,0.199,0.445
14,0.208,0.465
14,0.217,0.485
14,0.226,0.506
14,0.237,0.529
14,0.247,0.553
14,0.259,0.577
14,0.165,0.369
14,0.154,0.262
14,0.161,0.273
14,0.213,0.476
14,0.223,0.498
14,0.233,0.521
14,0.244,0.546
14,0.256,0.571
14,0.268,0.599
15,0.09,0.153
15,0.092,0.157
15,0.094,0.161
15,0.096,0.164
15,0.098,0.168
15,0.1,0.172
15,0.103,0.175
15,0.132,0.298
15,0.135,0.304
15,0.138,0.31
15,0.14,0.315
15,0.143,0.321
15,0.092,0.157
15,0.094,0.161
15,0.097,0.165
15,0.101,0.173
15,0.106,0.181
15,0.137,0.308
15,0.14,0.314
15,0.142,0.32
15,0.145,0.326
15,0.148,0.332
15,0.119,0.269
15,0.097,0.166
15,0.099,0.17
15,0.102,0.174
15,0.104,0.178
15,0.109,0.186
15,0.112,0.191
15,0.144,0.325
15,0.147,0.332
15,0.15,0.338
15,0.153,0.345
15,0.097,0.166
15,0.099,0.17
15,0.102,0.174
15,0.105,0.179
15,0.107,0.183
15,0.11,0.188
15,0.113,0.192
15,0.146,0.328
15,0.149,0.336
15,0.153,0.343
15,0.156,0.35
15,0.159,0.358
15,0.099,0.17
15,0.102,0.174
15,0.105,0.179
15,0.114,0.194
15,0.117,0.198
15,0.151,0.339
15,0.154,0.347
15,0.158,0.355
15,0.162,0.363
15,0.165,0.371
15,0.102,0.174
15,0.105,0.179
15,0.108,0.184
15,0.111,0.189
15,0.114,0.194
15,0.117,0.2
15,0.12,0.205
15,0.156,0.35
15,0.16,0.359
15,0.164,0.368
15,0.168,0.377
15,0.172,0.385
15,0.105,0.178
15,0.136,0.306
15,0.111,0.189
15,0.114,0.194
15,0.117,0.2
15,0.121,0.206
15,0.159,0.399
15,0.161,0.362
15,0.165,0.372
15,0.17,0.381
15,0.174,0.391
15,0.178,0.4
15,0.107,0.183
15,0.139,0.314
15,0.114,0.194
15,0.148,0.333
15,0.153,0.343
15,0.157,0.353
15,0.162,0.363
15,0.167,0.374
15,0.171,0.384
15,0.176,0.395
15,0.181,0.405
15,0.185,0.416
15,0.11,0.187
15,0.113,0.193
15,0.117,0.199
15,0.152,0.342
15,0.157,0.353
15,0.162,0.364
15,0.169,0.425
15,0.172,0.386
15,0.177,0.398
15,0.183,0.409
15,0.188,0.421
15,0.193,0.432
15,0.112,0.191
15,0.12,0.204
15,0.124,0.211
15,0.162,0.363
15,0.132,0.225
15,0.172,0.387
15,0.178,0.399
15,0.183,0.411
15,0.189,0.424
15,0.195,0.437
15,0.201,0.449
15,0.115,0.196
15,0.15,0.337
15,0.123,0.209
15,0.127,0.216
15,0.166,0.373
15,0.172,0.385
15,0.178,0.398
15,0.184,0.412
15,0.19,0.425
15,0.196,0.439
15,0.202,0.453
15,0.209,0.467
15,0.148,0.333
15,0.135,0.23
15,0.14,0.238
15,0.183,0.411
15,0.19,0.425
15,0.196,0.44
15,0.203,0.455
15,0.21,0.47
15,0.217,0.486
16,0.106,0.181
16,0.109,0.185
16,0.111,0.189
16,0.113,0.193
16,0.116,0.197
16,0.118,0.201
16,0.12,0.205
16,0.154,0.347
16,0.157,0.352
16,0.159,0.357
16,0.161,0.362
16,0.163,0.366
16,0.103,0.176
16,0.105,0.18
16,0.107,0.183
16,0.112,0.19
16,0.116,0.197
16,0.149,0.334
16,0.151,0.339
16,0.153,0.344
16,0.155,0.348
16,0.156,0.352
16,0.126,0.284
16,0.102,0.174
16,0.104,0.177
16,0.106,0.181
16,0.108,0.184
16,0.112,0.19
16,0.113,0.193
16,0.145,0.327
16,0.147,0.331
16,0.149,0.335
16,0.15,0.338
16,0.097,0.165
16,0.099,0.169
16,0.101,0.172
16,0.102,0.175
16,0.104,0.178
16,0.106,0.181
16,0.108,0.184
16,0.138,0.311
16,0.14,0.315
16,0.142,0.319
16,0.143,0.322
16,0.144,0.325
16,0.094,0.161
16,0.096,0.164
16,0.097,0.166
16,0.102,0.175
16,0.104,0.177
16,0.133,0.3
16,0.135,0.304
16,0.136,0.307
16,0.138,0.31
16,0.139,0.313
16,0.091,0.156
16,0.093,0.159
16,0.094,0.161
16,0.096,0.164
16,0.097,0.167
16,0.099,0.169
16,0.1,0.171
16,0.128,0.289
16,0.13,0.293
16,0.131,0.296
16,0.133,0.299
16,0.134,0.302
16,0.088,0.151
16,0.113,0.256
16,0.091,0.156
16,0.093,0.159
16,0.094,0.161
16,0.096,0.164
16,0.124,0.313
16,0.124,0.28
16,0.125,0.283
16,0.127,0.286
16,0.128,0.288
16,0.129,0.291
16,0.086,0.147
16,0.11,0.249
16,0.089,0.152
16,0.114,0.257
16,0.115,0.26
16,0.117,0.264
16,0.118,0.267
16,0.12,0.27
16,0.121,0.273
16,0.122,0.276
16,0.123,0.278
16,0.124,0.281
16,0.083,0.143
16,0.085,0.145
16,0.086,0.147
16,0.11,0.249
16,0.112,0.252
16,0.113,0.255
16,0.116,0.293
16,0.116,0.261
16,0.117,0.264
16,0.118,0.267
16,0.119,0.269
16,0.12,0.271
16,0.081,0.139
16,0.083,0.143
16,0.084,0.145
16,0.108,0.244
16,0.087,0.148
16,0.111,0.25
16,0.112,0.253
16,0.113,0.255
16,0.114,0.258
16,0.115,0.26
16,0.116,0.262
16,0.078,0.135
16,0.1,0.228
16,0.081,0.138
16,0.082,0.14
16,0.105,0.237
16,0.106,0.24
16,0.107,0.242
16,0.108,0.245
16,0.109,0.247
16,0.11,0.249
16,0.111,0.251
16,0.112,0.253
16,0.096,0.218
16,0.08,0.138
16,0.081,0.139
16,0.104,0.235
16,0.105,0.237
16,0.106,0.239
16,0.107,0.241
16,0.107,0.243
16,0.108,0.245
17,0.126,0.214
17,0.13,0.22
17,0.133,0.227
17,0.137,0.233
17,0.141,0.239
17,0.145,0.246
17,0.148,0.252
17,0.192,0.43
17,0.196,0.439
17,0.2,0.448
17,0.204,0.457
17,0.208,0.465
17,0.122,0.208
17,0.126,0.214
17,0.129,0.219
17,0.136,0.231
17,0.143,0.242
17,0.184,0.413
17,0.188,0.421
17,0.192,0.429
17,0.195,0.437
17,0.198,0.444
17,0.149,0.336
17,0.122,0.207
17,0.125,0.212
17,0.128,0.218
17,0.131,0.223
17,0.137,0.233
17,0.14,0.238
17,0.18,0.404
17,0.184,0.412
17,0.187,0.418
17,0.189,0.424
17,0.115,0.195
17,0.118,0.2
17,0.121,0.205
17,0.124,0.21
17,0.126,0.215
17,0.129,0.22
17,0.132,0.224
17,0.17,0.381
17,0.173,0.388
17,0.176,0.395
17,0.179,0.401
17,0.181,0.406
17,0.111,0.19
17,0.114,0.194
17,0.117,0.199
17,0.125,0.212
17,0.127,0.216
17,0.163,0.367
17,0.166,0.373
17,0.169,0.379
17,0.171,0.384
17,0.173,0.389
17,0.108,0.184
17,0.11,0.188
17,0.113,0.192
17,0.115,0.196
17,0.118,0.2
17,0.12,0.204
17,0.122,0.208
17,0.157,0.353
17,0.16,0.359
17,0.162,0.364
17,0.164,0.369
17,0.166,0.373
17,0.104,0.178
17,0.135,0.304
17,0.109,0.186
17,0.111,0.19
17,0.114,0.194
17,0.116,0.197
17,0.15,0.379
17,0.151,0.34
17,0.154,0.345
17,0.156,0.35
17,0.158,0.354
17,0.16,0.358
17,0.101,0.173
17,0.131,0.294
17,0.106,0.18
17,0.136,0.306
17,0.139,0.312
17,0.141,0.317
17,0.143,0.323
17,0.146,0.328
17,0.148,0.332
17,0.15,0.337
17,0.152,0.341
17,0.153,0.344
17,0.098,0.168
17,0.1,0.171
17,0.102,0.174
17,0.131,0.296
17,0.134,0.301
17,0.136,0.307
17,0.14,0.353
17,0.14,0.316
17,0.142,0.32
17,0.144,0.324
17,0.146,0.328
17,0.147,0.331
17,0.095,0.163
17,0.099,0.169
17,0.101,0.172
17,0.129,0.292
17,0.104,0.178
17,0.133,0.301
17,0.135,0.305
17,0.137,0.309
17,0.139,0.312
17,0.14,0.316
17,0.142,0.319
17,0.092,0.158
17,0.119,0.268
17,0.096,0.164
17,0.097,0.167
17,0.125,0.282
17,0.127,0.286
17,0.129,0.29
17,0.131,0.294
17,0.132,0.298
17,0.134,0.301
17,0.135,0.304
17,0.136,0.307
17,0.113,0.256
17,0.096,0.164
17,0.097,0.166
17,0.124,0.281
17,0.126,0.284
17,0.128,0.288
17,0.129,0.291
17,0.13,0.293
17,0.131,0.296
18,0.078,0.128
18,0.082,0.133
18,0.085,0.138
18,0.088,0.144
18,0.092,0.149
18,0.096,0.156
18,0.1,0.162
18,0.131,0.281
18,0.137,0.292
18,0.142,0.304
18,0.148,0.316
18,0.154,0.328
18,0.077,0.125
18,0.08,0.13
18,0.083,0.135
18,0.089,0.145
18,0.096,0.157
18,0.127,0.271
18,0.132,0.282
18,0.137,0.292
18,0.142,0.303
18,0.147,0.314
18,0.094,0.204
18,0.078,0.127
18,0.08,0.131
18,0.083,0.136
18,0.087,0.141
18,0.093,0.152
18,0.097,0.157
18,0.127,0.271
18,0.131,0.281
18,0.136,0.291
18,0.14,0.3
18,0.073,0.119
18,0.076,0.123
18,0.078,0.128
18,0.081,0.132
18,0.084,0.137
18,0.087,0.142
18,0.09,0.147
18,0.118,0.253
18,0.122,0.261
18,0.126,0.27
18,0.13,0.279
18,0.134,0.287
18,0.071,0.116
18,0.074,0.12
18,0.076,0.124
18,0.084,0.137
18,0.087,0.142
18,0.114,0.244
18,0.117,0.252
18,0.121,0.259
18,0.125,0.267
18,0.128,0.275
18,0.069,0.113
18,0.072,0.117
18,0.074,0.121
18,0.076,0.125
18,0.079,0.129
18,0.081,0.133
18,0.084,0.137
18,0.109,0.235
18,0.113,0.242
18,0.116,0.249
18,0.12,0.256
18,0.123,0.263
18,0.067,0.11
18,0.088,0.19
18,0.072,0.117
18,0.074,0.121
18,0.076,0.125
18,0.079,0.128
18,0.104,0.25
18,0.105,0.227
18,0.109,0.233
18,0.112,0.24
18,0.115,0.246
18,0.118,0.252
18,0.066,0.108
18,0.085,0.185
18,0.07,0.114
18,0.091,0.196
18,0.093,0.201
18,0.096,0.207
18,0.099,0.213
18,0.102,0.219
18,0.104,0.225
18,0.107,0.231
18,0.11,0.236
18,0.113,0.242
18,0.064,0.105
18,0.066,0.108
18,0.068,0.111
18,0.088,0.19
18,0.09,0.195
18,0.093,0.201
18,0.097,0.233
18,0.098,0.211
18,0.101,0.217
18,0.103,0.222
18,0.106,0.227
18,0.108,0.232
18,0.062,0.102
18,0.066,0.108
18,0.067,0.111
18,0.088,0.189
18,0.071,0.116
18,0.092,0.199
18,0.095,0.204
18,0.097,0.209
18,0.099,0.214
18,0.101,0.218
18,0.104,0.223
18,0.06,0.099
18,0.078,0.17
18,0.064,0.105
18,0.065,0.107
18,0.085,0.183
18,0.087,0.188
18,0.089,0.192
18,0.091,0.197
18,0.093,0.201
18,0.095,0.206
18,0.097,0.21
18,0.099,0.214
18,0.074,0.161
18,0.065,0.107
18,0.067,0.109
18,0.086,0.186
18,0.088,0.19
18,0.09,0.194
18,0.092,0.198
18,0.094,0.202
18,0.096,0.206
19,0.088,0.145
19,0.092,0.151
19,0.095,0.156
19,0.099,0.163
19,0.103,0.169
19,0.108,0.176
19,0.112,0.183
19,0.147,0.317
19,0.153,0.33
19,0.159,0.343
19,0.166,0.356
19,0.172,0.37
19,0.086,0.142
19,0.089,0.147
19,0.093,0.152
19,0.1,0.164
19,0.108,0.177
19,0.142,0.306
19,0.147,0.318
19,0.153,0.33
19,0.158,0.342
19,0.164,0.353
19,0.106,0.23
19,0.087,0.143
19,0.09,0.148
19,0.094,0.154
19,0.097,0.159
19,0.105,0.171
19,0.108,0.177
19,0.142,0.306
19,0.147,0.317
19,0.152,0.327
19,0.157,0.338
19,0.082,0.135
19,0.085,0.139
19,0.088,0.144
19,0.091,0.149
19,0.094,0.155
19,0.098,0.16
19,0.101,0.165
19,0.132,0.285
19,0.136,0.295
19,0.141,0.304
19,0.145,0.314
19,0.15,0.323
19,0.08,0.131
19,0.083,0.136
19,0.085,0.14
19,0.094,0.155
19,0.097,0.16
19,0.127,0.275
19,0.131,0.283
19,0.135,0.292
19,0.139,0.301
19,0.143,0.309
19,0.078,0.128
19,0.08,0.132
19,0.083,0.136
19,0.086,0.141
19,0.088,0.145
19,0.091,0.15
19,0.094,0.154
19,0.122,0.265
19,0.126,0.273
19,0.13,0.281
19,0.133,0.288
19,0.137,0.296
19,0.076,0.125
19,0.098,0.214
19,0.08,0.133
19,0.083,0.137
19,0.086,0.141
19,0.088,0.145
19,0.116,0.282
19,0.118,0.256
19,0.121,0.263
19,0.125,0.27
19,0.128,0.277
19,0.131,0.283
19,0.074,0.121
19,0.096,0.208
19,0.078,0.129
19,0.102,0.221
19,0.105,0.227
19,0.108,0.234
19,0.111,0.24
19,0.114,0.246
19,0.117,0.253
19,0.12,0.259
19,0.123,0.266
19,0.125,0.272
19,0.072,0.118
19,0.074,0.122
19,0.076,0.125
19,0.098,0.214
19,0.101,0.22
19,0.104,0.226
19,0.108,0.263
19,0.11,0.238
19,0.112,0.244
19,0.115,0.249
19,0.118,0.255
19,0.12,0.26
19,0.07,0.115
19,0.074,0.121
19,0.076,0.125
19,0.098,0.213
19,0.08,0.131
19,0.103,0.224
19,0.106,0.229
19,0.108,0.235
19,0.111,0.24
19,0.113,0.245
19,0.115,0.25
19,0.068,0.112
19,0.088,0.191
19,0.071,0.118
19,0.073,0.121
19,0.095,0.206
19,0.097,0.211
19,0.099,0.216
19,0.102,0.221
19,0.104,0.226
19,0.106,0.231
19,0.109,0.236
19,0.111,0.24
19,0.083,0.181
19,0.073,0.12
19,0.074,0.123
19,0.096,0.209
19,0.098,0.214
19,0.1,0.218
19,0.102,0.223
19,0.104,0.227
19,0.106,0.231
20,0.099,0.164
20,0.103,0.171
20,0.107,0.177
20,0.111,0.184
20,0.116,0.192
20,0.121,0.199
20,0.126,0.207
20,0.165,0.359
20,0.171,0.373
20,0.178,0.387
20,0.185,0.402
20,0.192,0.416
20,0.097,0.16
20,0.1,0.166
20,0.104,0.173
20,0.112,0.186
20,0.121,0.2
20,0.159,0.346
20,0.165,0.359
20,0.171,0.372
20,0.177,0.385
20,0.183,0.397
20,0.119,0.261
20,0.098,0.162
20,0.101,0.168
20,0.105,0.174
20,0.109,0.18
20,0.117,0.193
20,0.121,0.2
20,0.158,0.345
20,0.164,0.357
20,0.169,0.368
20,0.175,0.38
20,0.092,0.153
20,0.095,0.158
20,0.099,0.163
20,0.102,0.169
20,0.106,0.175
20,0.109,0.181
20,0.113,0.187
20,0.147,0.321
20,0.152,0.332
20,0.157,0.342
20,0.162,0.353
20,0.167,0.363
20,0.09,0.149
20,0.093,0.154
20,0.096,0.159
20,0.106,0.175
20,0.109,0.18
20,0.142,0.31
20,0.146,0.319
20,0.151,0.328
20,0.155,0.338
20,0.159,0.347
20,0.087,0.145
20,0.09,0.149
20,0.093,0.154
20,0.096,0.159
20,0.099,0.164
20,0.102,0.169
20,0.105,0.174
20,0.137,0.298
20,0.141,0.307
20,0.145,0.315
20,0.149,0.324
20,0.152,0.332
20,0.085,0.141
20,0.11,0.242
20,0.09,0.15
20,0.093,0.154
20,0.096,0.159
20,0.099,0.163
20,0.129,0.317
20,0.132,0.288
20,0.135,0.295
20,0.139,0.303
20,0.142,0.31
20,0.146,0.318
20,0.082,0.137
20,0.107,0.235
20,0.087,0.145
20,0.114,0.249
20,0.117,0.256
20,0.12,0.263
20,0.124,0.27
20,0.127,0.277
20,0.13,0.284
20,0.133,0.291
20,0.136,0.298
20,0.139,0.304
20,0.08,0.133
20,0.082,0.137
20,0.085,0.141
20,0.11,0.241
20,0.113,0.248
20,0.116,0.254
20,0.12,0.296
20,0.122,0.267
20,0.125,0.274
20,0.128,0.28
20,0.131,0.286
20,0.134,0.292
20,0.078,0.13
20,0.082,0.137
20,0.084,0.14
20,0.109,0.24
20,0.089,0.148
20,0.115,0.252
20,0.118,0.258
20,0.12,0.264
20,0.123,0.269
20,0.126,0.275
20,0.128,0.28
20,0.076,0.126
20,0.098,0.216
20,0.08,0.133
20,0.082,0.136
20,0.106,0.232
20,0.108,0.238
20,0.111,0.243
20,0.114,0.249
20,0.116,0.254
20,0.118,0.259
20,0.121,0.264
20,0.123,0.269
20,0.093,0.204
20,0.081,0.135
20,0.083,0.138
20,0.107,0.235
20,0.109,0.24
20,0.112,0.245
20,0.114,0.25
20,0.116,0.254
20,0.118,0.258
21,0.112,0.186
21,0.116,0.193
21,0.121,0.201
21,0.125,0.209
21,0.13,0.217
21,0.136,0.225
21,0.141,0.234
21,0.185,0.406
21,0.192,0.421
21,0.199,0.437
21,0.207,0.453
21,0.214,0.468
21,0.109,0.182
21,0.113,0.188
21,0.117,0.195
21,0.126,0.21
21,0.136,0.226
21,0.178,0.391
21,0.184,0.405
21,0.191,0.419
21,0.197,0.433
21,0.204,0.447
21,0.134,0.295
21,0.11,0.184
21,0.114,0.19
21,0.118,0.197
21,0.122,0.204
21,0.131,0.218
21,0.136,0.226
21,0.177,0.389
21,0.183,0.401
21,0.189,0.414
21,0.194,0.426
21,0.103,0.173
21,0.107,0.179
21,0.111,0.185
21,0.114,0.191
21,0.118,0.197
21,0.122,0.204
21,0.126,0.211
21,0.165,0.362
21,0.17,0.374
21,0.175,0.385
21,0.18,0.396
21,0.185,0.407
21,0.101,0.168
21,0.104,0.174
21,0.107,0.179
21,0.118,0.197
21,0.122,0.203
21,0.159,0.349
21,0.163,0.359
21,0.168,0.369
21,0.173,0.379
21,0.177,0.389
21,0.098,0.164
21,0.101,0.169
21,0.104,0.174
21,0.107,0.179
21,0.111,0.185
21,0.114,0.19
21,0.118,0.196
21,0.153,0.336
21,0.157,0.345
21,0.161,0.354
21,0.165,0.363
21,0.169,0.372
21,0.095,0.159
21,0.124,0.273
21,0.101,0.169
21,0.104,0.174
21,0.107,0.179
21,0.11,0.184
21,0.145,0.357
21,0.147,0.324
21,0.151,0.332
21,0.155,0.34
21,0.158,0.348
21,0.162,0.356
21,0.092,0.155
21,0.12,0.266
21,0.098,0.164
21,0.127,0.281
21,0.131,0.289
21,0.134,0.296
21,0.138,0.304
21,0.141,0.312
21,0.145,0.319
21,0.148,0.327
21,0.152,0.334
21,0.155,0.341
21,0.09,0.151
21,0.092,0.155
21,0.095,0.159
21,0.123,0.272
21,0.126,0.279
21,0.13,0.286
21,0.134,0.333
21,0.136,0.301
21,0.139,0.307
21,0.143,0.314
21,0.146,0.321
21,0.148,0.327
21,0.087,0.146
21,0.092,0.154
21,0.094,0.158
21,0.122,0.27
21,0.099,0.166
21,0.128,0.283
21,0.131,0.29
21,0.134,0.296
21,0.137,0.302
21,0.14,0.308
21,0.142,0.313
21,0.085,0.142
21,0.11,0.243
21,0.089,0.15
21,0.091,0.153
21,0.118,0.262
21,0.121,0.268
21,0.124,0.274
21,0.126,0.279
21,0.129,0.285
21,0.132,0.291
21,0.134,0.296
21,0.136,0.301
21,0.104,0.231
21,0.091,0.152
21,0.093,0.155
21,0.119,0.264
21,0.122,0.27
21,0.124,0.275
21,0.127,0.28
21,0.129,0.285
21,0.131,0.289
22,0.127,0.213
22,0.132,0.221
22,0.137,0.23
22,0.142,0.239
22,0.148,0.248
22,0.153,0.257
22,0.159,0.267
22,0.209,0.462
22,0.216,0.479
22,0.224,0.496
22,0.232,0.513
22,0.24,0.53
22,0.123,0.208
22,0.128,0.215
22,0.133,0.223
22,0.143,0.24
22,0.153,0.258
22,0.201,0.444
22,0.208,0.46
22,0.215,0.475
22,0.221,0.49
22,0.228,0.504
22,0.152,0.337
22,0.124,0.21
22,0.129,0.217
22,0.133,0.224
22,0.138,0.232
22,0.148,0.248
22,0.153,0.256
22,0.199,0.441
22,0.205,0.455
22,0.211,0.468
22,0.217,0.481
22,0.117,0.197
22,0.121,0.204
22,0.125,0.21
22,0.129,0.217
22,0.134,0.225
22,0.138,0.232
22,0.142,0.239
22,0.185,0.411
22,0.191,0.423
22,0.196,0.435
22,0.202,0.447
22,0.207,0.458
22,0.114,0.192
22,0.117,0.198
22,0.121,0.204
22,0.133,0.224
22,0.137,0.231
22,0.178,0.395
22,0.183,0.406
22,0.188,0.417
22,0.193,0.428
22,0.197,0.437
22,0.111,0.186
22,0.114,0.192
22,0.117,0.198
22,0.121,0.204
22,0.125,0.21
22,0.128,0.216
22,0.132,0.222
22,0.171,0.38
22,0.176,0.39
22,0.18,0.4
22,0.185,0.409
22,0.189,0.418
22,0.107,0.181
22,0.14,0.311
22,0.114,0.192
22,0.117,0.197
22,0.121,0.203
22,0.124,0.209
22,0.162,0.404
22,0.165,0.366
22,0.169,0.375
22,0.173,0.384
22,0.177,0.392
22,0.18,0.4
22,0.104,0.176
22,0.135,0.302
22,0.11,0.186
22,0.143,0.319
22,0.147,0.327
22,0.151,0.336
22,0.155,0.344
22,0.158,0.352
22,0.162,0.36
22,0.166,0.368
22,0.169,0.376
22,0.172,0.383
22,0.101,0.171
22,0.104,0.176
22,0.107,0.18
22,0.138,0.308
22,0.142,0.316
22,0.146,0.324
22,0.151,0.376
22,0.153,0.339
22,0.156,0.347
22,0.159,0.354
22,0.162,0.36
22,0.165,0.367
22,0.098,0.166
22,0.104,0.175
22,0.106,0.179
22,0.137,0.306
22,0.111,0.188
22,0.144,0.32
22,0.147,0.327
22,0.15,0.333
22,0.153,0.34
22,0.156,0.346
22,0.158,0.351
22,0.095,0.161
22,0.124,0.276
22,0.1,0.169
22,0.103,0.173
22,0.133,0.296
22,0.136,0.302
22,0.139,0.309
22,0.141,0.315
22,0.144,0.321
22,0.147,0.327
22,0.149,0.332
22,0.152,0.337
22,0.117,0.261
22,0.102,0.172
22,0.104,0.175
22,0.134,0.298
22,0.136,0.304
22,0.139,0.309
22,0.141,0.314
22,0.143,0.319
22,0.146,0.324
23,0.148,0.251
23,0.154,0.261
23,0.16,0.271
23,0.166,0.281
23,0.172,0.292
23,0.178,0.302
23,0.185,0.313
23,0.242,0.541
23,0.25,0.559
23,0.258,0.577
23,0.266,0.594
23,0.273,0.61
23,0.144,0.244
23,0.149,0.253
23,0.155,0.262
23,0.166,0.281
23,0.178,0.301
23,0.232,0.518
23,0.239,0.534
23,0.246,0.55
23,0.253,0.565
23,0.259,0.579
23,0.177,0.396
23,0.145,0.246
23,0.15,0.254
23,0.155,0.263
23,0.16,0.271
23,0.171,0.289
23,0.176,0.298
23,0.228,0.511
23,0.235,0.525
23,0.241,0.538
23,0.246,0.55
23,0.136,0.231
23,0.14,0.238
23,0.145,0.246
23,0.15,0.254
23,0.154,0.262
23,0.159,0.27
23,0.164,0.278
23,0.213,0.476
23,0.218,0.489
23,0.224,0.501
23,0.229,0.513
23,0.234,0.523
23,0.132,0.224
23,0.136,0.231
23,0.14,0.238
23,0.153,0.26
23,0.157,0.267
23,0.204,0.457
23,0.209,0.468
23,0.214,0.479
23,0.219,0.489
23,0.223,0.498
23,0.128,0.217
23,0.132,0.224
23,0.136,0.23
23,0.139,0.237
23,0.143,0.244
23,0.147,0.25
23,0.151,0.257
23,0.196,0.438
23,0.2,0.448
23,0.205,0.458
23,0.209,0.467
23,0.212,0.475
23,0.124,0.211
23,0.161,0.361
23,0.131,0.223
23,0.135,0.229
23,0.138,0.235
23,0.142,0.241
23,0.185,0.466
23,0.188,0.421
23,0.192,0.43
23,0.196,0.438
23,0.199,0.446
23,0.203,0.454
23,0.12,0.205
23,0.156,0.35
23,0.127,0.216
23,0.164,0.369
23,0.168,0.378
23,0.172,0.387
23,0.176,0.396
23,0.18,0.404
23,0.184,0.412
23,0.187,0.42
23,0.191,0.427
23,0.194,0.434
23,0.116,0.198
23,0.12,0.203
23,0.123,0.209
23,0.159,0.356
23,0.162,0.365
23,0.166,0.373
23,0.172,0.431
23,0.173,0.389
23,0.176,0.396
23,0.18,0.403
23,0.182,0.409
23,0.185,0.415
23,0.113,0.192
23,0.119,0.202
23,0.121,0.206
23,0.157,0.352
23,0.127,0.216
23,0.163,0.367
23,0.166,0.374
23,0.169,0.38
23,0.172,0.386
23,0.175,0.392
23,0.177,0.397
23,0.109,0.187
23,0.141,0.318
23,0.115,0.195
23,0.117,0.2
23,0.151,0.34
23,0.154,0.347
23,0.157,0.353
23,0.16,0.36
23,0.163,0.366
23,0.165,0.371
23,0.168,0.376
23,0.17,0.381
23,0.134,0.302
23,0.116,0.197
23,0.118,0.201
23,0.151,0.34
23,0.154,0.346
23,0.156,0.352
23,0.159,0.357
23,0.161,0.361
23,0.163,0.365
24,0.087,0.142
24,0.091,0.149
24,0.096,0.156
24,0.101,0.163
24,0.106,0.171
24,0.111,0.18
24,0.117,0.19
24,0.156,0.333
24,0.165,0.351
24,0.174,0.371
24,0.185,0.393
24,0.196,0.416
24,0.086,0.14
24,0.09,0.146
24,0.094,0.153
24,0.103,0.168
24,0.114,0.185
24,0.152,0.324
24,0.16,0.341
24,0.169,0.359
24,0.178,0.379
24,0.188,0.399
24,0.106,0.229
24,0.088,0.143
24,0.092,0.15
24,0.096,0.157
24,0.101,0.164
24,0.111,0.18
24,0.117,0.189
24,0.155,0.33
24,0.163,0.347
24,0.171,0.364
24,0.18,0.383
24,0.083,0.135
24,0.086,0.14
24,0.09,0.147
24,0.094,0.153
24,0.098,0.16
24,0.103,0.167
24,0.108,0.175
24,0.143,0.305
24,0.149,0.319
24,0.157,0.334
24,0.164,0.35
24,0.172,0.366
24,0.081,0.132
24,0.084,0.137
24,0.088,0.143
24,0.1,0.162
24,0.105,0.17
24,0.138,0.295
24,0.144,0.308
24,0.151,0.322
24,0.158,0.336
24,0.165,0.351
24,0.079,0.129
24,0.082,0.134
24,0.086,0.14
24,0.089,0.146
24,0.093,0.152
24,0.097,0.158
24,0.101,0.164
24,0.133,0.285
24,0.139,0.297
24,0.145,0.31
24,0.151,0.322
24,0.157,0.335
24,0.077,0.126
24,0.102,0.219
24,0.084,0.136
24,0.087,0.142
24,0.091,0.147
24,0.094,0.153
24,0.125,0.301
24,0.129,0.276
24,0.134,0.287
24,0.139,0.298
24,0.145,0.309
24,0.15,0.321
24,0.076,0.124
24,0.099,0.214
24,0.082,0.133
24,0.107,0.23
24,0.111,0.238
24,0.115,0.247
24,0.12,0.257
24,0.124,0.266
24,0.129,0.276
24,0.134,0.286
24,0.139,0.297
24,0.144,0.307
24,0.074,0.121
24,0.077,0.125
24,0.079,0.129
24,0.104,0.223
24,0.108,0.231
24,0.112,0.24
24,0.117,0.281
24,0.12,0.257
24,0.124,0.266
24,0.128,0.275
24,0.133,0.284
24,0.137,0.294
24,0.072,0.118
24,0.077,0.126
24,0.08,0.13
24,0.104,0.225
24,0.086,0.139
24,0.112,0.24
24,0.116,0.248
24,0.119,0.256
24,0.123,0.264
24,0.127,0.273
24,0.131,0.281
24,0.07,0.115
24,0.092,0.198
24,0.075,0.122
24,0.077,0.126
24,0.101,0.218
24,0.104,0.225
24,0.108,0.232
24,0.111,0.239
24,0.115,0.247
24,0.118,0.254
24,0.122,0.262
24,0.125,0.269
24,0.086,0.186
24,0.078,0.127
24,0.08,0.131
24,0.104,0.224
24,0.107,0.231
24,0.111,0.238
24,0.114,0.244
24,0.117,0.251
24,0.12,0.258
25,0.098,0.161
25,0.103,0.169
25,0.108,0.177
25,0.113,0.185
25,0.119,0.195
25,0.125,0.205
25,0.132,0.215
25,0.176,0.378
25,0.186,0.399
25,0.196,0.422
25,0.208,0.446
25,0.22,0.472
25,0.097,0.159
25,0.101,0.166
25,0.106,0.173
25,0.117,0.19
25,0.129,0.21
25,0.171,0.368
25,0.18,0.387
25,0.19,0.407
25,0.2,0.429
25,0.211,0.452
25,0.12,0.26
25,0.099,0.163
25,0.104,0.17
25,0.109,0.178
25,0.114,0.186
25,0.125,0.204
25,0.131,0.214
25,0.174,0.374
25,0.183,0.393
25,0.192,0.413
25,0.202,0.433
25,0.093,0.153
25,0.097,0.159
25,0.101,0.166
25,0.106,0.173
25,0.111,0.181
25,0.116,0.189
25,0.121,0.198
25,0.16,0.345
25,0.168,0.362
25,0.176,0.378
25,0.184,0.396
25,0.193,0.414
25,0.091,0.15
25,0.095,0.156
25,0.099,0.162
25,0.113,0.184
25,0.118,0.192
25,0.155,0.334
25,0.162,0.349
25,0.169,0.364
25,0.177,0.38
25,0.184,0.396
25,0.089,0.146
25,0.093,0.152
25,0.097,0.158
25,0.101,0.165
25,0.105,0.172
25,0.109,0.179
25,0.114,0.186
25,0.15,0.323
25,0.156,0.336
25,0.162,0.35
25,0.169,0.364
25,0.176,0.378
25,0.087,0.143
25,0.114,0.248
25,0.094,0.154
25,0.098,0.16
25,0.102,0.167
25,0.106,0.173
25,0.14,0.34
25,0.144,0.312
25,0.15,0.324
25,0.156,0.336
25,0.162,0.349
25,0.168,0.361
25,0.085,0.14
25,0.111,0.242
25,0.092,0.15
25,0.12,0.26
25,0.125,0.27
25,0.129,0.28
25,0.134,0.29
25,0.139,0.301
25,0.144,0.312
25,0.15,0.323
25,0.155,0.334
25,0.16,0.345
25,0.083,0.136
25,0.086,0.141
25,0.089,0.146
25,0.116,0.253
25,0.121,0.262
25,0.125,0.271
25,0.131,0.318
25,0.134,0.29
25,0.139,0.3
25,0.144,0.31
25,0.148,0.32
25,0.153,0.33
25,0.081,0.133
25,0.087,0.142
25,0.09,0.147
25,0.117,0.254
25,0.096,0.157
25,0.125,0.271
25,0.129,0.28
25,0.134,0.289
25,0.138,0.298
25,0.142,0.307
25,0.146,0.316
25,0.079,0.13
25,0.103,0.223
25,0.084,0.138
25,0.087,0.143
25,0.113,0.246
25,0.117,0.254
25,0.121,0.262
25,0.125,0.27
25,0.128,0.278
25,0.132,0.286
25,0.136,0.294
25,0.14,0.302
25,0.097,0.211
25,0.087,0.143
25,0.09,0.147
25,0.117,0.253
25,0.12,0.26
25,0.124,0.267
25,0.127,0.275
25,0.13,0.282
25,0.134,0.289
26,0.111,0.183
26,0.116,0.192
26,0.122,0.201
26,0.128,0.211
26,0.134,0.221
26,0.141,0.233
26,0.149,0.245
26,0.198,0.43
26,0.209,0.454
26,0.221,0.479
26,0.234,0.506
26,0.248,0.535
26,0.109,0.18
26,0.114,0.188
26,0.119,0.197
26,0.131,0.216
26,0.145,0.238
26,0.192,0.418
26,0.203,0.439
26,0.213,0.462
26,0.225,0.487
26,0.237,0.512
26,0.135,0.295
26,0.112,0.185
26,0.117,0.193
26,0.122,0.202
26,0.128,0.211
26,0.141,0.231
26,0.148,0.243
26,0.196,0.424
26,0.205,0.445
26,0.216,0.467
26,0.226,0.49
26,0.105,0.173
26,0.109,0.181
26,0.114,0.189
26,0.119,0.197
26,0.125,0.206
26,0.13,0.215
26,0.136,0.225
26,0.18,0.391
26,0.189,0.409
26,0.197,0.428
26,0.206,0.447
26,0.216,0.467
26,0.103,0.17
26,0.107,0.177
26,0.111,0.184
26,0.126,0.208
26,0.132,0.217
26,0.174,0.378
26,0.182,0.394
26,0.19,0.411
26,0.198,0.429
26,0.206,0.446
26,0.1,0.166
26,0.104,0.173
26,0.109,0.179
26,0.113,0.187
26,0.118,0.194
26,0.123,0.202
26,0.128,0.21
26,0.168,0.365
26,0.175,0.38
26,0.182,0.395
26,0.189,0.41
26,0.196,0.426
26,0.098,0.162
26,0.128,0.281
26,0.106,0.175
26,0.11,0.182
26,0.114,0.189
26,0.119,0.196
26,0.157,0.384
26,0.162,0.352
26,0.168,0.365
26,0.174,0.379
26,0.181,0.393
26,0.187,0.406
26,0.096,0.158
26,0.125,0.274
26,0.103,0.17
26,0.135,0.294
26,0.14,0.305
26,0.145,0.316
26,0.15,0.328
26,0.156,0.339
26,0.162,0.351
26,0.167,0.364
26,0.173,0.376
26,0.179,0.388
26,0.093,0.154
26,0.096,0.16
26,0.1,0.165
26,0.131,0.286
26,0.135,0.296
26,0.14,0.306
26,0.147,0.359
26,0.15,0.327
26,0.155,0.338
26,0.16,0.349
26,0.165,0.36
26,0.17,0.371
26,0.091,0.15
26,0.097,0.161
26,0.1,0.166
26,0.131,0.286
26,0.107,0.177
26,0.14,0.305
26,0.145,0.315
26,0.149,0.325
26,0.154,0.335
26,0.158,0.345
26,0.163,0.354
26,0.088,0.147
26,0.115,0.252
26,0.094,0.156
26,0.097,0.161
26,0.127,0.277
26,0.131,0.286
26,0.135,0.295
26,0.139,0.304
26,0.143,0.313
26,0.148,0.322
26,0.152,0.33
26,0.156,0.339
26,0.108,0.238
26,0.097,0.161
26,0.1,0.166
26,0.13,0.285
26,0.134,0.293
26,0.138,0.301
26,0.142,0.309
26,0.145,0.317
26,0.149,0.324
27,0.125,0.209
27,0.131,0.218
27,0.137,0.229
27,0.144,0.24
27,0.152,0.252
27,0.16,0.265
27,0.168,0.279
27,0.224,0.489
27,0.236,0.516
27,0.249,0.544
27,0.263,0.575
27,0.278,0.607
27,0.123,0.205
27,0.129,0.214
27,0.135,0.224
27,0.148,0.246
27,0.163,0.271
27,0.217,0.474
27,0.228,0.499
27,0.24,0.525
27,0.253,0.552
27,0.266,0.58
27,0.152,0.335
27,0.126,0.21
27,0.132,0.219
27,0.138,0.229
27,0.144,0.24
27,0.158,0.263
27,0.166,0.275
27,0.22,0.481
27,0.231,0.504
27,0.242,0.528
27,0.253,0.553
27,0.118,0.197
27,0.123,0.205
27,0.129,0.214
27,0.134,0.223
27,0.14,0.233
27,0.147,0.244
27,0.153,0.255
27,0.202,0.444
27,0.212,0.464
27,0.221,0.484
27,0.231,0.506
27,0.241,0.527
27,0.116,0.193
27,0.12,0.201
27,0.125,0.209
27,0.142,0.236
27,0.148,0.246
27,0.195,0.428
27,0.204,0.446
27,0.212,0.465
27,0.221,0.484
27,0.23,0.503
27,0.113,0.188
27,0.117,0.196
27,0.122,0.204
27,0.127,0.212
27,0.132,0.22
27,0.138,0.229
27,0.143,0.238
27,0.188,0.413
27,0.196,0.429
27,0.203,0.446
27,0.211,0.462
27,0.219,0.479
27,0.11,0.184
27,0.144,0.318
27,0.119,0.198
27,0.123,0.206
27,0.128,0.214
27,0.133,0.222
27,0.177,0.435
27,0.181,0.398
27,0.188,0.412
27,0.195,0.427
27,0.202,0.442
27,0.209,0.457
27,0.107,0.179
27,0.141,0.31
27,0.115,0.193
27,0.151,0.333
27,0.157,0.345
27,0.163,0.357
27,0.168,0.37
27,0.174,0.383
27,0.181,0.396
27,0.187,0.41
27,0.193,0.423
27,0.199,0.436
27,0.105,0.175
27,0.108,0.181
27,0.112,0.187
27,0.147,0.323
27,0.152,0.334
27,0.157,0.346
27,0.164,0.405
27,0.168,0.369
27,0.173,0.381
27,0.179,0.393
27,0.184,0.405
27,0.19,0.416
27,0.102,0.17
27,0.109,0.182
27,0.113,0.188
27,0.147,0.323
27,0.12,0.2
27,0.157,0.345
27,0.162,0.355
27,0.167,0.366
27,0.172,0.377
27,0.176,0.387
27,0.181,0.397
27,0.099,0.166
27,0.129,0.285
27,0.106,0.177
27,0.109,0.182
27,0.142,0.313
27,0.147,0.323
27,0.151,0.332
27,0.156,0.342
27,0.16,0.352
27,0.164,0.361
27,0.169,0.371
27,0.173,0.38
27,0.122,0.269
27,0.109,0.182
27,0.112,0.187
27,0.146,0.321
27,0.15,0.33
27,0.154,0.338
27,0.158,0.347
27,0.162,0.355
27,0.165,0.363
28,0.143,0.24
28,0.15,0.251
28,0.157,0.263
28,0.165,0.276
28,0.173,0.29
28,0.182,0.305
28,0.192,0.321
28,0.255,0.564
28,0.269,0.594
28,0.284,0.626
28,0.3,0.661
28,0.316,0.696
28,0.14,0.236
28,0.147,0.246
28,0.154,0.258
28,0.169,0.283
28,0.186,0.312
28,0.247,0.545
28,0.259,0.573
28,0.273,0.602
28,0.286,0.632
28,0.301,0.663
28,0.173,0.385
28,0.144,0.241
28,0.15,0.252
28,0.157,0.263
28,0.164,0.275
28,0.18,0.302
28,0.189,0.316
28,0.25,0.551
28,0.261,0.577
28,0.274,0.604
28,0.286,0.631
28,0.134,0.226
28,0.14,0.236
28,0.146,0.246
28,0.153,0.256
28,0.16,0.268
28,0.167,0.279
28,0.174,0.292
28,0.23,0.508
28,0.24,0.53
28,0.25,0.553
28,0.261,0.576
28,0.272,0.6
28,0.131,0.221
28,0.137,0.23
28,0.142,0.239
28,0.161,0.27
28,0.168,0.282
28,0.221,0.489
28,0.23,0.509
28,0.24,0.529
28,0.249,0.55
28,0.258,0.57
28,0.128,0.216
28,0.133,0.224
28,0.139,0.233
28,0.144,0.242
28,0.15,0.252
28,0.156,0.262
28,0.162,0.272
28,0.213,0.471
28,0.221,0.489
28,0.229,0.507
28,0.237,0.525
28,0.246,0.542
28,0.125,0.21
28,0.164,0.364
28,0.135,0.226
28,0.14,0.235
28,0.145,0.244
28,0.151,0.253
28,0.199,0.495
28,0.205,0.453
28,0.212,0.469
28,0.219,0.485
28,0.226,0.501
28,0.234,0.516
28,0.122,0.205
28,0.159,0.354
28,0.131,0.22
28,0.171,0.38
28,0.177,0.393
28,0.184,0.407
28,0.19,0.421
28,0.197,0.436
28,0.203,0.45
28,0.21,0.464
28,0.216,0.478
28,0.222,0.492
28,0.118,0.2
28,0.123,0.206
28,0.127,0.214
28,0.166,0.368
28,0.171,0.38
28,0.177,0.393
28,0.185,0.46
28,0.189,0.419
28,0.195,0.432
28,0.201,0.444
28,0.206,0.457
28,0.212,0.469
28,0.115,0.194
28,0.123,0.207
28,0.127,0.214
28,0.166,0.368
28,0.135,0.228
28,0.176,0.391
28,0.182,0.403
28,0.187,0.414
28,0.192,0.426
28,0.197,0.437
28,0.202,0.447
28,0.112,0.189
28,0.146,0.325
28,0.119,0.201
28,0.123,0.207
28,0.16,0.356
28,0.165,0.366
28,0.17,0.377
28,0.175,0.387
28,0.179,0.398
28,0.184,0.408
28,0.188,0.418
28,0.193,0.427
28,0.137,0.306
28,0.123,0.206
28,0.126,0.212
28,0.164,0.363
28,0.168,0.373
28,0.172,0.382
28,0.176,0.391
28,0.18,0.4
28,0.184,0.408
29,0.169,0.287
29,0.177,0.301
29,0.186,0.315
29,0.196,0.331
29,0.206,0.348
29,0.217,0.366
29,0.228,0.385
29,0.303,0.677
29,0.319,0.713
29,0.336,0.75
29,0.354,0.789
29,0.372,0.829
29,0.166,0.281
29,0.174,0.294
29,0.182,0.308
29,0.2,0.338
29,0.22,0.372
29,0.292,0.651
29,0.306,0.683
29,0.321,0.716
29,0.336,0.749
29,0.351,0.783
29,0.205,0.458
29,0.169,0.287
29,0.177,0.3
29,0.185,0.314
29,0.194,0.328
29,0.212,0.359
29,0.222,0.375
29,0.293,0.654
29,0.306,0.682
29,0.319,0.711
29,0.331,0.739
29,0.158,0.268
29,0.165,0.28
29,0.172,0.292
29,0.18,0.304
29,0.187,0.317
29,0.196,0.331
29,0.204,0.345
29,0.269,0.6
29,0.28,0.625
29,0.291,0.65
29,0.302,0.675
29,0.313,0.699
29,0.154,0.262
29,0.16,0.272
29,0.167,0.283
29,0.189,0.319
29,0.196,0.332
29,0.258,0.576
29,0.268,0.598
29,0.277,0.619
29,0.287,0.641
29,0.296,0.661
29,0.15,0.255
29,0.156,0.265
29,0.162,0.275
29,0.168,0.285
29,0.175,0.296
29,0.182,0.308
29,0.189,0.319
29,0.247,0.552
29,0.256,0.571
29,0.264,0.59
29,0.273,0.609
29,0.28,0.626
29,0.146,0.248
29,0.191,0.428
29,0.157,0.266
29,0.163,0.276
29,0.169,0.286
29,0.175,0.296
29,0.231,0.58
29,0.237,0.529
29,0.244,0.546
29,0.252,0.563
29,0.259,0.579
29,0.266,0.594
29,0.142,0.241
29,0.185,0.416
29,0.152,0.258
29,0.199,0.445
29,0.206,0.46
29,0.213,0.476
29,0.22,0.491
29,0.227,0.507
29,0.233,0.522
29,0.24,0.537
29,0.246,0.551
29,0.252,0.564
29,0.138,0.234
29,0.142,0.242
29,0.147,0.25
29,0.192,0.43
29,0.198,0.444
29,0.205,0.458
29,0.213,0.535
29,0.217,0.486
29,0.223,0.499
29,0.229,0.512
29,0.235,0.525
29,0.24,0.536
29,0.134,0.227
29,0.142,0.242
29,0.147,0.249
29,0.191,0.428
29,0.156,0.265
29,0.203,0.454
29,0.208,0.466
29,0.214,0.478
29,0.219,0.489
29,0.224,0.5
29,0.228,0.51
29,0.13,0.221
29,0.169,0.379
29,0.138,0.234
29,0.142,0.241
29,0.184,0.413
29,0.189,0.425
29,0.195,0.436
29,0.2,0.447
29,0.204,0.458
29,0.209,0.468
29,0.213,0.477
29,0.217,0.486
29,0.159,0.357
29,0.141,0.239
29,0.144,0.245
29,0.187,0.419
29,0.191,0.429
29,0.196,0.439
29,0.2,0.448
29,0.204,0.456
29,0.207,0.464
30,0.092,0.15
30,0.097,0.158
30,0.102,0.166
30,0.108,0.175
30,0.114,0.185
30,0.121,0.196
30,0.129,0.208
30,0.173,0.368
30,0.185,0.393
30,0.198,0.42
30,0.213,0.451
30,0.23,0.486
30,0.092,0.149
30,0.096,0.157
30,0.102,0.165
30,0.113,0.183
30,0.127,0.206
30,0.171,0.364
30,0.182,0.388
30,0.195,0.415
30,0.21,0.445
30,0.226,0.478
30,0.115,0.247
30,0.096,0.155
30,0.101,0.163
30,0.106,0.172
30,0.112,0.181
30,0.126,0.203
30,0.134,0.215
30,0.18,0.382
30,0.192,0.407
30,0.205,0.436
30,0.22,0.467
30,0.09,0.147
30,0.095,0.154
30,0.099,0.161
30,0.105,0.17
30,0.111,0.179
30,0.117,0.189
30,0.124,0.2
30,0.166,0.353
30,0.176,0.374
30,0.187,0.398
30,0.2,0.425
30,0.214,0.454
30,0.089,0.145
30,0.093,0.152
30,0.098,0.159
30,0.115,0.186
30,0.121,0.196
30,0.162,0.345
30,0.172,0.366
30,0.182,0.388
30,0.194,0.413
30,0.207,0.439
30,0.088,0.143
30,0.092,0.15
30,0.097,0.157
30,0.101,0.165
30,0.107,0.173
30,0.112,0.182
30,0.119,0.192
30,0.158,0.337
30,0.167,0.356
30,0.177,0.377
30,0.188,0.399
30,0.199,0.423
30,0.086,0.141
30,0.114,0.245
30,0.095,0.154
30,0.1,0.162
30,0.105,0.169
30,0.11,0.178
30,0.148,0.354
30,0.154,0.328
30,0.162,0.346
30,0.171,0.365
30,0.181,0.385
30,0.192,0.407
30,0.085,0.138
30,0.112,0.241
30,0.093,0.151
30,0.123,0.264
30,0.129,0.276
30,0.135,0.29
30,0.142,0.304
30,0.149,0.319
30,0.157,0.335
30,0.166,0.353
30,0.174,0.371
30,0.184,0.391
30,0.083,0.136
30,0.087,0.142
30,0.091,0.148
30,0.12,0.258
30,0.126,0.27
30,0.132,0.282
30,0.14,0.335
30,0.145,0.31
30,0.152,0.325
30,0.16,0.34
30,0.168,0.357
30,0.176,0.374
30,0.082,0.133
30,0.089,0.145
30,0.093,0.151
30,0.123,0.263
30,0.102,0.165
30,0.134,0.287
30,0.14,0.3
30,0.147,0.314
30,0.154,0.328
30,0.161,0.343
30,0.168,0.358
30,0.08,0.131
30,0.105,0.227
30,0.087,0.141
30,0.091,0.147
30,0.119,0.256
30,0.124,0.267
30,0.13,0.278
30,0.136,0.29
30,0.142,0.303
30,0.148,0.316
30,0.154,0.329
30,0.161,0.343
30,0.099,0.213
30,0.092,0.149
30,0.096,0.155
30,0.126,0.27
30,0.131,0.28
30,0.136,0.292
30,0.142,0.304
30,0.148,0.316
30,0.154,0.328
31,0.104,0.17
31,0.11,0.179
31,0.115,0.189
31,0.122,0.199
31,0.129,0.21
31,0.137,0.223
31,0.145,0.237
31,0.196,0.42
31,0.209,0.448
31,0.224,0.48
31,0.241,0.516
31,0.261,0.557
31,0.103,0.17
31,0.109,0.178
31,0.115,0.187
31,0.128,0.209
31,0.144,0.234
31,0.193,0.415
31,0.207,0.443
31,0.221,0.473
31,0.237,0.508
31,0.256,0.547
31,0.13,0.28
31,0.108,0.177
31,0.114,0.186
31,0.12,0.196
31,0.127,0.206
31,0.142,0.231
31,0.151,0.245
31,0.203,0.435
31,0.217,0.465
31,0.232,0.497
31,0.25,0.533
31,0.102,0.167
31,0.107,0.175
31,0.112,0.184
31,0.118,0.193
31,0.125,0.204
31,0.132,0.215
31,0.14,0.227
31,0.187,0.402
31,0.199,0.427
31,0.212,0.454
31,0.226,0.484
31,0.242,0.517
31,0.1,0.165
31,0.105,0.173
31,0.111,0.181
31,0.129,0.211
31,0.137,0.223
31,0.183,0.393
31,0.194,0.416
31,0.206,0.442
31,0.219,0.469
31,0.234,0.5
31,0.099,0.162
31,0.104,0.17
31,0.109,0.178
31,0.114,0.187
31,0.12,0.197
31,0.127,0.207
31,0.134,0.218
31,0.178,0.383
31,0.189,0.405
31,0.2,0.428
31,0.212,0.454
31,0.225,0.481
31,0.097,0.16
31,0.129,0.279
31,0.107,0.175
31,0.112,0.183
31,0.118,0.192
31,0.124,0.202
31,0.166,0.402
31,0.173,0.373
31,0.183,0.393
31,0.193,0.414
31,0.204,0.437
31,0.215,0.462
31,0.096,0.157
31,0.126,0.274
31,0.105,0.172
31,0.139,0.299
31,0.145,0.314
31,0.152,0.329
31,0.16,0.345
31,0.168,0.362
31,0.177,0.38
31,0.186,0.4
31,0.196,0.421
31,0.206,0.442
31,0.094,0.154
31,0.098,0.161
31,0.103,0.168
31,0.135,0.293
31,0.142,0.306
31,0.148,0.32
31,0.157,0.38
31,0.163,0.351
31,0.171,0.368
31,0.179,0.385
31,0.188,0.404
31,0.197,0.423
31,0.092,0.151
31,0.1,0.164
31,0.105,0.171
31,0.138,0.298
31,0.114,0.187
31,0.151,0.325
31,0.158,0.34
31,0.165,0.355
31,0.172,0.371
31,0.18,0.387
31,0.188,0.405
31,0.09,0.148
31,0.118,0.257
31,0.098,0.16
31,0.102,0.167
31,0.134,0.29
31,0.14,0.302
31,0.146,0.315
31,0.152,0.328
31,0.159,0.342
31,0.166,0.357
31,0.173,0.371
31,0.18,0.387
31,0.111,0.241
31,0.103,0.169
31,0.107,0.176
31,0.141,0.305
31,0.147,0.317
31,0.153,0.33
31,0.159,0.343
31,0.165,0.356
31,0.172,0.369
32,0.118,0.194
32,0.124,0.204
32,0.131,0.215
32,0.138,0.227
32,0.146,0.24
32,0.155,0.254
32,0.165,0.27
32,0.222,0.48
32,0.237,0.512
32,0.254,0.549
32,0.274,0.59
32,0.296,0.638
32,0.117,0.193
32,0.123,0.203
32,0.13,0.214
32,0.145,0.238
32,0.163,0.267
32,0.219,0.474
32,0.234,0.506
32,0.25,0.541
32,0.269,0.581
32,0.29,0.625
32,0.146,0.319
32,0.122,0.201
32,0.128,0.212
32,0.135,0.223
32,0.143,0.235
32,0.161,0.264
32,0.171,0.28
32,0.23,0.497
32,0.245,0.53
32,0.263,0.567
32,0.282,0.609
32,0.115,0.19
32,0.121,0.199
32,0.127,0.209
32,0.134,0.22
32,0.141,0.232
32,0.149,0.245
32,0.158,0.259
32,0.211,0.458
32,0.225,0.486
32,0.239,0.517
32,0.255,0.552
32,0.273,0.59
32,0.113,0.187
32,0.119,0.196
32,0.125,0.206
32,0.146,0.24
32,0.154,0.254
32,0.206,0.447
32,0.219,0.474
32,0.232,0.503
32,0.247,0.534
32,0.263,0.568
32,0.112,0.185
32,0.117,0.193
32,0.123,0.203
32,0.129,0.213
32,0.136,0.224
32,0.143,0.235
32,0.151,0.248
32,0.201,0.436
32,0.213,0.46
32,0.225,0.487
32,0.238,0.515
32,0.253,0.546
32,0.11,0.182
32,0.145,0.317
32,0.121,0.199
32,0.126,0.208
32,0.133,0.219
32,0.14,0.23
32,0.187,0.456
32,0.195,0.424
32,0.206,0.446
32,0.217,0.47
32,0.229,0.496
32,0.242,0.523
32,0.108,0.178
32,0.142,0.311
32,0.118,0.195
32,0.156,0.34
32,0.164,0.356
32,0.172,0.373
32,0.18,0.391
32,0.189,0.411
32,0.199,0.431
32,0.209,0.453
32,0.22,0.476
32,0.231,0.5
32,0.106,0.175
32,0.111,0.183
32,0.115,0.191
32,0.152,0.332
32,0.159,0.347
32,0.167,0.363
32,0.177,0.43
32,0.183,0.398
32,0.192,0.417
32,0.201,0.436
32,0.211,0.457
32,0.221,0.478
32,0.104,0.172
32,0.113,0.186
32,0.118,0.194
32,0.155,0.338
32,0.128,0.212
32,0.169,0.368
32,0.177,0.385
32,0.185,0.402
32,0.193,0.419
32,0.202,0.438
32,0.211,0.456
32,0.101,0.168
32,0.133,0.291
32,0.11,0.182
32,0.115,0.189
32,0.151,0.328
32,0.157,0.342
32,0.164,0.356
32,0.171,0.371
32,0.178,0.387
32,0.185,0.403
32,0.193,0.419
32,0.201,0.436
32,0.125,0.273
32,0.116,0.191
32,0.121,0.199
32,0.158,0.345
32,0.165,0.358
32,0.171,0.372
32,0.178,0.387
32,0.185,0.401
32,0.192,0.416
33,0.133,0.221
33,0.14,0.233
33,0.148,0.245
33,0.156,0.259
33,0.165,0.274
33,0.175,0.291
33,0.187,0.309
33,0.251,0.549
33,0.269,0.587
33,0.289,0.629
33,0.311,0.677
33,0.336,0.732
33,0.132,0.22
33,0.139,0.231
33,0.147,0.244
33,0.164,0.272
33,0.185,0.306
33,0.248,0.542
33,0.265,0.579
33,0.284,0.619
33,0.305,0.665
33,0.329,0.716
33,0.166,0.364
33,0.138,0.229
33,0.145,0.241
33,0.153,0.254
33,0.162,0.269
33,0.182,0.301
33,0.193,0.32
33,0.26,0.568
33,0.278,0.606
33,0.298,0.649
33,0.32,0.696
33,0.13,0.216
33,0.136,0.227
33,0.143,0.238
33,0.151,0.251
33,0.159,0.265
33,0.169,0.279
33,0.178,0.296
33,0.239,0.522
33,0.254,0.555
33,0.271,0.591
33,0.289,0.63
33,0.309,0.673
33,0.128,0.213
33,0.134,0.224
33,0.141,0.235
33,0.165,0.274
33,0.175,0.289
33,0.233,0.51
33,0.247,0.54
33,0.262,0.573
33,0.279,0.609
33,0.297,0.647
33,0.126,0.21
33,0.132,0.22
33,0.139,0.231
33,0.146,0.242
33,0.153,0.255
33,0.161,0.268
33,0.17,0.282
33,0.227,0.496
33,0.24,0.524
33,0.254,0.554
33,0.268,0.586
33,0.284,0.62
33,0.124,0.207
33,0.164,0.36
33,0.136,0.226
33,0.143,0.237
33,0.15,0.249
33,0.157,0.261
33,0.211,0.519
33,0.22,0.482
33,0.232,0.507
33,0.244,0.534
33,0.258,0.563
33,0.272,0.593
33,0.122,0.203
33,0.161,0.353
33,0.133,0.222
33,0.176,0.387
33,0.184,0.405
33,0.193,0.424
33,0.203,0.445
33,0.213,0.467
33,0.224,0.49
33,0.235,0.514
33,0.247,0.54
33,0.259,0.566
33,0.119,0.199
33,0.125,0.208
33,0.13,0.217
33,0.172,0.377
33,0.18,0.394
33,0.188,0.412
33,0.199,0.489
33,0.206,0.451
33,0.216,0.472
33,0.226,0.494
33,0.236,0.517
33,0.247,0.54
33,0.117,0.195
33,0.127,0.211
33,0.132,0.22
33,0.175,0.383
33,0.144,0.24
33,0.19,0.417
33,0.199,0.436
33,0.208,0.455
33,0.217,0.474
33,0.226,0.494
33,0.235,0.515
33,0.114,0.19
33,0.15,0.33
33,0.124,0.206
33,0.129,0.215
33,0.169,0.372
33,0.177,0.388
33,0.184,0.404
33,0.192,0.42
33,0.2,0.437
33,0.208,0.455
33,0.216,0.473
33,0.224,0.49
33,0.141,0.31
33,0.13,0.217
33,0.135,0.225
33,0.178,0.39
33,0.185,0.405
33,0.192,0.42
33,0.199,0.436
33,0.206,0.452
33,0.214,0.467
34,0.152,0.256
34,0.161,0.269
34,0.169,0.284
34,0.179,0.3
34,0.19,0.318
34,0.202,0.337
34,0.215,0.359
34,0.289,0.639
34,0.31,0.683
34,0.333,0.734
34,0.359,0.791
34,0.389,0.857
34,0.151,0.254
34,0.159,0.267
34,0.168,0.282
34,0.188,0.315
34,0.212,0.355
34,0.286,0.63
34,0.305,0.673
34,0.327,0.721
34,0.352,0.775
34,0.38,0.836
34,0.189,0.42
34,0.158,0.265
34,0.166,0.279
34,0.176,0.294
34,0.186,0.311
34,0.209,0.349
34,0.222,0.371
34,0.299,0.659
34,0.32,0.704
34,0.342,0.754
34,0.368,0.81
34,0.148,0.249
34,0.156,0.262
34,0.164,0.275
34,0.173,0.29
34,0.183,0.306
34,0.193,0.323
34,0.205,0.342
34,0.274,0.605
34,0.291,0.643
34,0.31,0.684
34,0.331,0.73
34,0.354,0.779
34,0.146,0.246
34,0.154,0.258
34,0.161,0.271
34,0.189,0.316
34,0.2,0.334
34,0.267,0.589
34,0.283,0.624
34,0.3,0.662
34,0.319,0.703
34,0.339,0.746
34,0.144,0.242
34,0.151,0.253
34,0.158,0.266
34,0.167,0.279
34,0.175,0.293
34,0.184,0.309
34,0.194,0.325
34,0.259,0.572
34,0.274,0.604
34,0.289,0.638
34,0.306,0.674
34,0.323,0.713
34,0.142,0.238
34,0.187,0.415
34,0.155,0.26
34,0.163,0.273
34,0.171,0.286
34,0.18,0.301
34,0.241,0.597
34,0.251,0.554
34,0.264,0.583
34,0.278,0.614
34,0.293,0.646
34,0.308,0.679
34,0.139,0.233
34,0.183,0.406
34,0.152,0.255
34,0.201,0.444
34,0.21,0.465
34,0.22,0.487
34,0.231,0.511
34,0.242,0.536
34,0.254,0.562
34,0.267,0.589
34,0.28,0.617
34,0.293,0.646
34,0.136,0.228
34,0.142,0.238
34,0.148,0.249
34,0.195,0.433
34,0.204,0.452
34,0.214,0.473
34,0.226,0.56
34,0.234,0.517
34,0.244,0.54
34,0.256,0.565
34,0.267,0.589
34,0.278,0.614
34,0.133,0.223
34,0.144,0.242
34,0.151,0.253
34,0.198,0.439
34,0.164,0.275
34,0.216,0.478
34,0.225,0.498
34,0.235,0.519
34,0.245,0.541
34,0.255,0.562
34,0.265,0.584
34,0.13,0.218
34,0.17,0.378
34,0.14,0.236
34,0.146,0.246
34,0.192,0.426
34,0.2,0.443
34,0.208,0.461
34,0.217,0.48
34,0.225,0.498
34,0.234,0.518
34,0.243,0.537
34,0.252,0.556
34,0.16,0.355
34,0.147,0.248
34,0.153,0.257
34,0.201,0.445
34,0.208,0.461
34,0.216,0.478
34,0.224,0.495
34,0.232,0.512
34,0.239,0.529
35,0.182,0.309
35,0.192,0.326
35,0.204,0.344
35,0.216,0.365
35,0.229,0.387
35,0.244,0.413
35,0.261,0.441
35,0.353,0.787
35,0.379,0.846
35,0.409,0.913
35,0.444,0.989
35,0.483,1.076
35,0.181,0.306
35,0.191,0.323
35,0.202,0.341
35,0.227,0.383
35,0.257,0.434
35,0.347,0.774
35,0.372,0.829
35,0.4,0.892
35,0.432,0.962
35,0.467,1.041
35,0.226,0.505
35,0.189,0.319
35,0.199,0.337
35,0.211,0.356
35,0.223,0.377
35,0.252,0.426
35,0.269,0.454
35,0.362,0.808
35,0.388,0.865
35,0.416,0.928
35,0.447,0.997
35,0.177,0.299
35,0.186,0.315
35,0.196,0.332
35,0.207,0.35
35,0.219,0.37
35,0.232,0.392
35,0.246,0.416
35,0.33,0.736
35,0.351,0.783
35,0.374,0.835
35,0.399,0.89
35,0.426,0.95
35,0.174,0.295
35,0.183,0.31
35,0.192,0.326
35,0.226,0.382
35,0.239,0.404
35,0.32,0.713
35,0.339,0.756
35,0.359,0.801
35,0.381,0.85
35,0.404,0.9
35,0.171,0.29
35,0.179,0.304
35,0.188,0.319
35,0.198,0.335
35,0.209,0.353
35,0.22,0.372
35,0.232,0.392
35,0.309,0.689
35,0.326,0.727
35,0.344,0.767
35,0.363,0.809
35,0.382,0.851
35,0.167,0.284
35,0.222,0.496
35,0.184,0.312
35,0.193,0.327
35,0.203,0.343
35,0.213,0.36
35,0.286,0.715
35,0.297,0.663
35,0.313,0.697
35,0.328,0.732
35,0.345,0.768
35,0.361,0.804
35,0.164,0.278
35,0.216,0.484
35,0.179,0.304
35,0.237,0.53
35,0.248,0.555
35,0.26,0.581
35,0.273,0.609
35,0.286,0.638
35,0.299,0.668
35,0.313,0.698
35,0.327,0.729
35,0.341,0.76
35,0.16,0.271
35,0.167,0.283
35,0.174,0.296
35,0.23,0.515
35,0.24,0.538
35,0.251,0.562
35,0.265,0.665
35,0.274,0.612
35,0.286,0.639
35,0.298,0.665
35,0.31,0.692
35,0.322,0.718
35,0.156,0.265
35,0.17,0.287
35,0.177,0.299
35,0.233,0.52
35,0.192,0.325
35,0.253,0.564
35,0.263,0.587
35,0.273,0.611
35,0.284,0.634
35,0.294,0.657
35,0.304,0.679
35,0.152,0.258
35,0.2,0.447
35,0.165,0.279
35,0.171,0.29
35,0.225,0.503
35,0.234,0.522
35,0.243,0.543
35,0.252,0.563
35,0.261,0.584
35,0.27,0.604
35,0.279,0.624
35,0.288,0.643
35,0.187,0.419
35,0.172,0.291
35,0.178,0.302
35,0.233,0.521
35,0.241,0.54
35,0.25,0.558
35,0.258,0.576
35,0.265,0.593
35,0.273,0.609
36,0.091,0.149
36,0.096,0.156
36,0.101,0.164
36,0.107,0.173
36,0.113,0.182
36,0.119,0.193
36,0.127,0.204
36,0.17,0.362
36,0.181,0.385
36,0.194,0.411
36,0.207,0.44
36,0.223,0.473
36,0.092,0.15
36,0.097,0.157
36,0.102,0.165
36,0.114,0.184
36,0.128,0.207
36,0.172,0.366
36,0.184,0.391
36,0.197,0.418
36,0.211,0.448
36,0.228,0.483
36,0.117,0.25
36,0.097,0.158
36,0.102,0.166
36,0.108,0.175
36,0.114,0.185
36,0.129,0.208
36,0.137,0.222
36,0.185,0.394
36,0.199,0.422
36,0.214,0.454
36,0.231,0.489
36,0.093,0.151
36,0.097,0.158
36,0.103,0.167
36,0.108,0.176
36,0.115,0.186
36,0.122,0.197
36,0.129,0.209
36,0.174,0.371
36,0.186,0.396
36,0.2,0.424
36,0.215,0.456
36,0.233,0.493
36,0.093,0.151
36,0.097,0.158
36,0.103,0.167
36,0.122,0.197
36,0.129,0.209
36,0.174,0.371
36,0.186,0.396
36,0.2,0.424
36,0.215,0.456
36,0.233,0.493
36,0.092,0.15
36,0.097,0.158
36,0.102,0.166
36,0.108,0.175
36,0.114,0.185
36,0.121,0.196
36,0.129,0.208
36,0.173,0.369
36,0.185,0.394
36,0.199,0.422
36,0.214,0.454
36,0.231,0.489
36,0.092,0.15
36,0.122,0.262
36,0.102,0.165
36,0.108,0.174
36,0.114,0.184
36,0.12,0.195
36,0.163,0.39
36,0.172,0.366
36,0.184,0.39
36,0.197,0.418
36,0.211,0.448
36,0.228,0.482
36,0.091,0.149
36,0.121,0.26
36,0.101,0.164
36,0.135,0.288
36,0.142,0.304
36,0.151,0.321
36,0.16,0.341
36,0.17,0.362
36,0.181,0.385
36,0.193,0.411
36,0.207,0.44
36,0.223,0.473
36,0.091,0.147
36,0.095,0.155
36,0.1,0.162
36,0.133,0.285
36,0.14,0.3
36,0.149,0.317
36,0.159,0.38
36,0.167,0.356
36,0.178,0.378
36,0.19,0.403
36,0.203,0.43
36,0.217,0.46
36,0.09,0.146
36,0.099,0.16
36,0.104,0.169
36,0.138,0.296
36,0.116,0.187
36,0.155,0.33
36,0.164,0.349
36,0.174,0.37
36,0.185,0.393
36,0.197,0.419
36,0.21,0.446
36,0.088,0.144
36,0.117,0.251
36,0.097,0.158
36,0.102,0.166
36,0.136,0.291
36,0.143,0.306
36,0.151,0.323
36,0.16,0.341
36,0.169,0.361
36,0.18,0.382
36,0.191,0.406
36,0.203,0.431
36,0.11,0.236
36,0.106,0.171
36,0.111,0.18
36,0.148,0.316
36,0.156,0.333
36,0.165,0.351
36,0.174,0.371
36,0.184,0.392
36,0.195,0.415
37,0.103,0.169
37,0.108,0.177
37,0.114,0.187
37,0.12,0.197
37,0.127,0.208
37,0.135,0.22
37,0.143,0.233
37,0.192,0.412
37,0.205,0.439
37,0.219,0.469
37,0.235,0.503
37,0.253,0.54
37,0.104,0.17
37,0.109,0.179
37,0.115,0.188
37,0.129,0.21
37,0.145,0.236
37,0.195,0.418
37,0.208,0.446
37,0.223,0.477
37,0.24,0.512
37,0.258,0.552
37,0.132,0.285
37,0.11,0.18
37,0.116,0.189
37,0.122,0.2
37,0.129,0.211
37,0.146,0.237
37,0.156,0.253
37,0.21,0.45
37,0.225,0.482
37,0.243,0.519
37,0.262,0.56
37,0.105,0.171
37,0.11,0.18
37,0.116,0.19
37,0.123,0.2
37,0.13,0.212
37,0.138,0.224
37,0.147,0.238
37,0.197,0.423
37,0.211,0.452
37,0.227,0.485
37,0.244,0.522
37,0.265,0.565
37,0.105,0.171
37,0.11,0.18
37,0.116,0.19
37,0.138,0.224
37,0.147,0.238
37,0.197,0.423
37,0.211,0.452
37,0.227,0.485
37,0.244,0.522
37,0.265,0.565
37,0.104,0.171
37,0.11,0.18
37,0.116,0.189
37,0.122,0.2
37,0.129,0.211
37,0.137,0.224
37,0.146,0.237
37,0.196,0.421
37,0.21,0.45
37,0.225,0.482
37,0.243,0.519
37,0.262,0.56
37,0.104,0.17
37,0.138,0.298
37,0.115,0.188
37,0.121,0.198
37,0.129,0.21
37,0.136,0.222
37,0.185,0.445
37,0.195,0.418
37,0.208,0.446
37,0.223,0.477
37,0.239,0.512
37,0.258,0.552
37,0.103,0.169
37,0.137,0.296
37,0.114,0.187
37,0.152,0.328
37,0.161,0.346
37,0.17,0.366
37,0.181,0.388
37,0.192,0.412
37,0.205,0.439
37,0.219,0.469
37,0.235,0.503
37,0.253,0.54
37,0.102,0.167
37,0.107,0.176
37,0.113,0.185
37,0.15,0.324
37,0.159,0.342
37,0.168,0.361
37,0.18,0.433
37,0.189,0.405
37,0.201,0.431
37,0.214,0.459
37,0.229,0.491
37,0.246,0.525
37,0.101,0.166
37,0.111,0.182
37,0.117,0.192
37,0.156,0.337
37,0.131,0.213
37,0.174,0.375
37,0.185,0.397
37,0.196,0.421
37,0.209,0.448
37,0.223,0.477
37,0.238,0.508
37,0.1,0.163
37,0.132,0.285
37,0.11,0.18
37,0.115,0.189
37,0.153,0.331
37,0.162,0.348
37,0.171,0.367
37,0.181,0.388
37,0.191,0.411
37,0.203,0.435
37,0.215,0.461
37,0.229,0.49
37,0.124,0.269
37,0.119,0.194
37,0.125,0.204
37,0.167,0.359
37,0.176,0.378
37,0.186,0.399
37,0.196,0.421
37,0.208,0.445
37,0.22,0.471
38,0.116,0.192
38,0.122,0.202
38,0.129,0.213
38,0.136,0.224
38,0.144,0.237
38,0.152,0.25
38,0.162,0.266
38,0.217,0.471
38,0.232,0.501
38,0.248,0.536
38,0.266,0.574
38,0.286,0.617
38,0.117,0.194
38,0.123,0.204
38,0.13,0.214
38,0.145,0.239
38,0.164,0.269
38,0.22,0.477
38,0.235,0.509
38,0.252,0.545
38,0.272,0.586
38,0.293,0.632
38,0.149,0.324
38,0.124,0.205
38,0.131,0.216
38,0.138,0.228
38,0.146,0.241
38,0.165,0.271
38,0.176,0.289
38,0.238,0.515
38,0.256,0.552
38,0.275,0.594
38,0.298,0.642
38,0.118,0.195
38,0.124,0.205
38,0.131,0.216
38,0.139,0.228
38,0.147,0.241
38,0.156,0.256
38,0.166,0.272
38,0.224,0.484
38,0.239,0.517
38,0.257,0.555
38,0.277,0.598
38,0.301,0.647
38,0.118,0.195
38,0.124,0.205
38,0.131,0.216
38,0.156,0.256
38,0.166,0.272
38,0.224,0.484
38,0.239,0.517
38,0.257,0.555
38,0.277,0.598
38,0.3,0.647
38,0.118,0.195
38,0.124,0.205
38,0.131,0.216
38,0.138,0.227
38,0.146,0.241
38,0.155,0.255
38,0.165,0.271
38,0.222,0.481
38,0.238,0.515
38,0.255,0.552
38,0.275,0.594
38,0.298,0.642
38,0.117,0.194
38,0.156,0.339
38,0.13,0.214
38,0.137,0.226
38,0.145,0.239
38,0.154,0.253
38,0.209,0.508
38,0.22,0.477
38,0.235,0.509
38,0.252,0.545
38,0.271,0.586
38,0.293,0.632
38,0.116,0.192
38,0.155,0.337
38,0.129,0.213
38,0.172,0.374
38,0.182,0.394
38,0.192,0.417
38,0.204,0.443
38,0.217,0.471
38,0.232,0.501
38,0.248,0.536
38,0.266,0.574
38,0.286,0.617
38,0.115,0.19
38,0.121,0.2
38,0.128,0.21
38,0.17,0.369
38,0.179,0.389
38,0.19,0.411
38,0.203,0.494
38,0.213,0.462
38,0.227,0.491
38,0.242,0.524
38,0.259,0.56
38,0.278,0.599
38,0.114,0.188
38,0.126,0.208
38,0.133,0.218
38,0.176,0.383
38,0.148,0.243
38,0.197,0.427
38,0.209,0.452
38,0.222,0.48
38,0.236,0.51
38,0.251,0.543
38,0.268,0.579
38,0.113,0.186
38,0.149,0.325
38,0.124,0.204
38,0.13,0.215
38,0.173,0.376
38,0.183,0.396
38,0.193,0.418
38,0.204,0.442
38,0.216,0.467
38,0.229,0.495
38,0.243,0.525
38,0.258,0.557
38,0.14,0.305
38,0.134,0.221
38,0.141,0.232
38,0.188,0.408
38,0.198,0.43
38,0.209,0.453
38,0.221,0.478
38,0.234,0.505
38,0.247,0.534
39,0.132,0.219
39,0.139,0.23
39,0.146,0.243
39,0.154,0.256
39,0.163,0.27
39,0.173,0.286
39,0.183,0.304
39,0.246,0.538
39,0.263,0.574
39,0.281,0.613
39,0.302,0.657
39,0.324,0.707
39,0.133,0.221
39,0.14,0.232
39,0.147,0.245
39,0.165,0.273
39,0.186,0.307
39,0.25,0.546
39,0.267,0.583
39,0.286,0.625
39,0.308,0.672
39,0.333,0.725
39,0.168,0.37
39,0.14,0.233
39,0.148,0.246
39,0.157,0.26
39,0.166,0.275
39,0.187,0.31
39,0.2,0.331
39,0.27,0.59
39,0.29,0.633
39,0.313,0.682
39,0.339,0.737
39,0.134,0.222
39,0.141,0.234
39,0.149,0.247
39,0.157,0.261
39,0.166,0.276
39,0.177,0.293
39,0.188,0.311
39,0.254,0.554
39,0.272,0.593
39,0.292,0.637
39,0.315,0.687
39,0.342,0.744
39,0.134,0.222
39,0.141,0.234
39,0.149,0.247
39,0.177,0.293
39,0.188,0.311
39,0.254,0.554
39,0.272,0.593
39,0.292,0.637
39,0.315,0.687
39,0.342,0.744
39,0.133,0.222
39,0.14,0.233
39,0.148,0.246
39,0.157,0.26
39,0.166,0.275
39,0.176,0.292
39,0.187,0.31
39,0.252,0.551
39,0.27,0.589
39,0.29,0.633
39,0.313,0.681
39,0.339,0.737
39,0.133,0.221
39,0.176,0.387
39,0.147,0.245
39,0.156,0.258
39,0.165,0.273
39,0.175,0.289
39,0.237,0.581
39,0.25,0.546
39,0.267,0.583
39,0.286,0.624
39,0.308,0.671
39,0.333,0.724
39,0.132,0.219
39,0.175,0.384
39,0.146,0.243
39,0.194,0.426
39,0.206,0.45
39,0.218,0.477
39,0.231,0.506
39,0.246,0.538
39,0.263,0.573
39,0.281,0.613
39,0.301,0.657
39,0.324,0.706
39,0.13,0.217
39,0.137,0.228
39,0.144,0.24
39,0.192,0.421
39,0.203,0.444
39,0.215,0.47
39,0.23,0.564
39,0.242,0.528
39,0.257,0.561
39,0.274,0.598
39,0.293,0.639
39,0.314,0.684
39,0.129,0.215
39,0.142,0.237
39,0.15,0.249
39,0.199,0.437
39,0.167,0.277
39,0.223,0.487
39,0.236,0.516
39,0.251,0.547
39,0.266,0.582
39,0.284,0.619
39,0.303,0.66
39,0.127,0.212
39,0.168,0.37
39,0.14,0.233
39,0.147,0.245
39,0.196,0.429
39,0.206,0.452
39,0.218,0.476
39,0.23,0.503
39,0.243,0.532
39,0.258,0.563
39,0.274,0.597
39,0.29,0.633
39,0.158,0.347
39,0.152,0.252
39,0.159,0.265
39,0.212,0.464
39,0.223,0.489
39,0.236,0.515
39,0.249,0.544
39,0.263,0.574
39,0.278,0.606
40,0.151,0.253
40,0.159,0.266
40,0.167,0.28
40,0.177,0.296
40,0.187,0.313
40,0.198,0.332
40,0.211,0.352
40,0.283,0.625
40,0.302,0.667
40,0.324,0.713
40,0.347,0.765
40,0.374,0.823
40,0.152,0.255
40,0.16,0.268
40,0.169,0.283
40,0.189,0.316
40,0.214,0.357
40,0.288,0.635
40,0.308,0.679
40,0.33,0.728
40,0.356,0.784
40,0.385,0.847
40,0.193,0.427
40,0.161,0.27
40,0.17,0.285
40,0.18,0.301
40,0.191,0.319
40,0.216,0.36
40,0.23,0.385
40,0.312,0.687
40,0.335,0.739
40,0.362,0.797
40,0.393,0.864
40,0.153,0.257
40,0.161,0.271
40,0.17,0.286
40,0.18,0.302
40,0.191,0.32
40,0.203,0.34
40,0.217,0.362
40,0.292,0.645
40,0.314,0.691
40,0.338,0.744
40,0.365,0.804
40,0.397,0.873
40,0.153,0.257
40,0.161,0.271
40,0.17,0.286
40,0.203,0.34
40,0.217,0.362
40,0.292,0.645
40,0.314,0.691
40,0.338,0.744
40,0.365,0.804
40,0.397,0.873
40,0.153,0.256
40,0.161,0.27
40,0.17,0.285
40,0.18,0.301
40,0.19,0.319
40,0.202,0.339
40,0.216,0.36
40,0.291,0.641
40,0.312,0.687
40,0.335,0.739
40,0.362,0.797
40,0.393,0.864
40,0.152,0.255
40,0.202,0.447
40,0.169,0.283
40,0.178,0.299
40,0.189,0.316
40,0.201,0.336
40,0.273,0.674
40,0.288,0.634
40,0.308,0.679
40,0.33,0.728
40,0.356,0.784
40,0.385,0.847
40,0.151,0.253
40,0.2,0.444
40,0.167,0.28
40,0.223,0.493
40,0.236,0.522
40,0.25,0.553
40,0.266,0.587
40,0.283,0.624
40,0.302,0.666
40,0.323,0.713
40,0.347,0.765
40,0.374,0.823
40,0.149,0.251
40,0.157,0.263
40,0.165,0.277
40,0.22,0.487
40,0.232,0.514
40,0.246,0.544
40,0.264,0.653
40,0.277,0.612
40,0.295,0.651
40,0.315,0.694
40,0.337,0.742
40,0.361,0.794
40,0.147,0.247
40,0.163,0.273
40,0.171,0.287
40,0.228,0.505
40,0.191,0.32
40,0.255,0.564
40,0.27,0.597
40,0.287,0.633
40,0.305,0.673
40,0.325,0.716
40,0.346,0.762
40,0.145,0.244
40,0.192,0.426
40,0.16,0.268
40,0.168,0.282
40,0.224,0.495
40,0.236,0.521
40,0.249,0.55
40,0.263,0.581
40,0.278,0.614
40,0.295,0.65
40,0.312,0.688
40,0.331,0.729
40,0.18,0.4
40,0.173,0.29
40,0.182,0.305
40,0.242,0.535
40,0.255,0.563
40,0.269,0.593
40,0.283,0.626
40,0.299,0.66
40,0.315,0.695
41,0.18,0.305
41,0.19,0.321
41,0.2,0.339
41,0.212,0.359
41,0.225,0.38
41,0.239,0.404
41,0.255,0.43
41,0.343,0.766
41,0.367,0.819
41,0.394,0.879
41,0.424,0.946
41,0.458,1.02
41,0.182,0.308
41,0.192,0.324
41,0.203,0.343
41,0.228,0.385
41,0.259,0.438
41,0.35,0.781
41,0.376,0.838
41,0.405,0.903
41,0.438,0.977
41,0.475,1.06
41,0.231,0.516
41,0.193,0.327
41,0.204,0.345
41,0.217,0.366
41,0.23,0.389
41,0.262,0.443
41,0.281,0.475
41,0.382,0.852
41,0.413,0.92
41,0.448,0.999
41,0.489,1.09
41,0.183,0.31
41,0.194,0.328
41,0.205,0.347
41,0.217,0.368
41,0.231,0.391
41,0.247,0.417
41,0.264,0.446
41,0.357,0.797
41,0.385,0.859
41,0.417,0.929
41,0.453,1.011
41,0.496,1.106
41,0.183,0.31
41,0.194,0.328
41,0.205,0.347
41,0.247,0.417
41,0.264,0.445
41,0.357,0.797
41,0.385,0.858
41,0.417,0.929
41,0.453,1.011
41,0.496,1.106
41,0.183,0.309
41,0.193,0.327
41,0.204,0.345
41,0.216,0.366
41,0.23,0.389
41,0.245,0.414
41,0.262,0.443
41,0.355,0.791
41,0.382,0.851
41,0.413,0.92
41,0.448,0.999
41,0.489,1.089
41,0.182,0.308
41,0.242,0.541
41,0.203,0.343
41,0.215,0.363
41,0.228,0.385
41,0.243,0.41
41,0.331,0.827
41,0.35,0.781
41,0.376,0.838
41,0.405,0.903
41,0.438,0.976
41,0.475,1.059
41,0.18,0.305
41,0.24,0.535
41,0.2,0.339
41,0.268,0.598
41,0.284,0.634
41,0.302,0.673
41,0.321,0.717
41,0.343,0.765
41,0.367,0.819
41,0.394,0.879
41,0.424,0.945
41,0.457,1.019
41,0.178,0.301
41,0.187,0.317
41,0.198,0.334
41,0.264,0.589
41,0.279,0.623
41,0.296,0.66
41,0.318,0.795
41,0.335,0.746
41,0.357,0.796
41,0.381,0.85
41,0.408,0.909
41,0.436,0.973
41,0.175,0.297
41,0.194,0.329
41,0.205,0.347
41,0.273,0.61
41,0.229,0.387
41,0.306,0.683
41,0.325,0.724
41,0.345,0.769
41,0.367,0.818
41,0.39,0.869
41,0.414,0.924
41,0.172,0.292
41,0.229,0.511
41,0.19,0.322
41,0.2,0.339
41,0.267,0.595
41,0.281,0.628
41,0.297,0.663
41,0.314,0.701
41,0.332,0.741
41,0.351,0.784
41,0.372,0.828
41,0.392,0.875
41,0.214,0.478
41,0.206,0.348
41,0.216,0.366
41,0.287,0.642
41,0.303,0.676
41,0.319,0.712
41,0.336,0.749
41,0.353,0.788
41,0.371,0.827
42,0.085,0.139
42,0.089,0.145
42,0.093,0.151
42,0.097,0.158
42,0.102,0.166
42,0.107,0.174
42,0.113,0.182
42,0.149,0.319
42,0.157,0.336
42,0.166,0.353
42,0.174,0.371
42,0.184,0.391
42,0.086,0.141
42,0.091,0.147
42,0.095,0.154
42,0.105,0.17
42,0.116,0.187
42,0.154,0.329
42,0.162,0.346
42,0.171,0.365
42,0.181,0.386
42,0.192,0.407
42,0.111,0.238
42,0.092,0.15
42,0.097,0.157
42,0.101,0.165
42,0.107,0.173
42,0.119,0.192
42,0.125,0.202
42,0.167,0.356
42,0.177,0.377
42,0.188,0.399
42,0.199,0.424
42,0.089,0.145
42,0.093,0.152
42,0.098,0.159
42,0.103,0.167
42,0.109,0.176
42,0.115,0.186
42,0.121,0.196
42,0.162,0.345
42,0.172,0.366
42,0.183,0.388
42,0.194,0.413
42,0.207,0.439
42,0.09,0.147
42,0.095,0.154
42,0.099,0.161
42,0.117,0.189
42,0.124,0.2
42,0.166,0.353
42,0.176,0.375
42,0.187,0.398
42,0.2,0.425
42,0.214,0.454
42,0.091,0.148
42,0.096,0.155
42,0.101,0.163
42,0.106,0.172
42,0.112,0.181
42,0.119,0.192
42,0.126,0.203
42,0.169,0.359
42,0.18,0.382
42,0.192,0.407
42,0.205,0.436
42,0.22,0.467
42,0.092,0.149
42,0.122,0.261
42,0.102,0.165
42,0.107,0.174
42,0.113,0.183
42,0.12,0.194
42,0.163,0.388
42,0.171,0.364
42,0.182,0.388
42,0.195,0.415
42,0.21,0.445
42,0.226,0.478
42,0.092,0.15
42,0.122,0.263
42,0.102,0.166
42,0.136,0.291
42,0.144,0.308
42,0.153,0.326
42,0.162,0.346
42,0.173,0.368
42,0.185,0.393
42,0.198,0.42
42,0.213,0.451
42,0.23,0.486
42,0.092,0.15
42,0.097,0.158
42,0.103,0.166
42,0.137,0.293
42,0.145,0.309
42,0.153,0.328
42,0.165,0.394
42,0.174,0.37
42,0.186,0.395
42,0.2,0.424
42,0.215,0.455
42,0.232,0.492
42,0.093,0.151
42,0.103,0.167
42,0.109,0.176
42,0.145,0.31
42,0.122,0.197
42,0.163,0.349
42,0.174,0.371
42,0.186,0.396
42,0.2,0.425
42,0.215,0.457
42,0.233,0.493
42,0.092,0.15
42,0.123,0.263
42,0.103,0.166
42,0.108,0.176
42,0.145,0.309
42,0.153,0.328
42,0.163,0.348
42,0.174,0.37
42,0.186,0.395
42,0.199,0.424
42,0.215,0.455
42,0.232,0.491
42,0.116,0.25
42,0.114,0.185
42,0.121,0.196
42,0.162,0.346
42,0.173,0.368
42,0.185,0.393
42,0.198,0.42
42,0.213,0.451
42,0.23,0.486
43,0.096,0.157
43,0.1,0.164
43,0.105,0.172
43,0.11,0.18
43,0.115,0.188
43,0.121,0.197
43,0.127,0.207
43,0.168,0.362
43,0.177,0.381
43,0.186,0.4
43,0.196,0.421
43,0.206,0.443
43,0.097,0.16
43,0.102,0.167
43,0.107,0.175
43,0.118,0.193
43,0.13,0.213
43,0.173,0.373
43,0.183,0.393
43,0.193,0.415
43,0.204,0.437
43,0.216,0.462
43,0.125,0.271
43,0.104,0.17
43,0.109,0.178
43,0.114,0.187
43,0.12,0.197
43,0.134,0.218
43,0.141,0.23
43,0.189,0.405
43,0.2,0.429
43,0.212,0.454
43,0.225,0.481
43,0.1,0.165
43,0.105,0.173
43,0.111,0.181
43,0.116,0.19
43,0.123,0.2
43,0.129,0.211
43,0.137,0.223
43,0.183,0.393
43,0.194,0.416
43,0.206,0.442
43,0.219,0.47
43,0.234,0.5
43,0.102,0.167
43,0.107,0.175
43,0.112,0.184
43,0.132,0.215
43,0.14,0.227
43,0.187,0.402
43,0.199,0.427
43,0.212,0.454
43,0.226,0.484
43,0.242,0.518
43,0.103,0.168
43,0.108,0.177
43,0.114,0.186
43,0.12,0.196
43,0.127,0.206
43,0.134,0.218
43,0.142,0.231
43,0.191,0.409
43,0.203,0.436
43,0.217,0.465
43,0.232,0.497
43,0.25,0.533
43,0.104,0.17
43,0.137,0.297
43,0.115,0.187
43,0.121,0.198
43,0.128,0.209
43,0.136,0.221
43,0.184,0.443
43,0.194,0.415
43,0.207,0.443
43,0.221,0.474
43,0.237,0.508
43,0.256,0.547
43,0.104,0.17
43,0.138,0.299
43,0.115,0.189
43,0.154,0.332
43,0.163,0.351
43,0.173,0.372
43,0.184,0.394
43,0.196,0.42
43,0.209,0.448
43,0.224,0.48
43,0.241,0.516
43,0.261,0.557
43,0.104,0.171
43,0.11,0.18
43,0.116,0.189
43,0.155,0.333
43,0.164,0.352
43,0.174,0.374
43,0.187,0.45
43,0.197,0.423
43,0.211,0.452
43,0.226,0.484
43,0.244,0.521
43,0.264,0.563
43,0.105,0.171
43,0.116,0.19
43,0.123,0.2
43,0.164,0.353
43,0.138,0.224
43,0.185,0.398
43,0.197,0.424
43,0.211,0.453
43,0.227,0.486
43,0.245,0.523
43,0.265,0.565
43,0.104,0.171
43,0.139,0.3
43,0.116,0.189
43,0.122,0.2
43,0.164,0.352
43,0.174,0.373
43,0.185,0.397
43,0.197,0.423
43,0.211,0.452
43,0.226,0.484
43,0.244,0.521
43,0.264,0.563
43,0.131,0.284
43,0.129,0.21
43,0.137,0.223
43,0.184,0.394
43,0.196,0.42
43,0.209,0.448
43,0.224,0.48
43,0.241,0.516
43,0.261,0.556
44,0.108,0.178
44,0.113,0.186
44,0.118,0.195
44,0.124,0.204
44,0.13,0.214
44,0.136,0.224
44,0.143,0.235
44,0.189,0.411
44,0.199,0.432
44,0.209,0.454
44,0.22,0.477
44,0.231,0.501
44,0.11,0.182
44,0.115,0.19
44,0.121,0.199
44,0.133,0.219
44,0.147,0.242
44,0.195,0.424
44,0.206,0.446
44,0.217,0.471
44,0.229,0.496
44,0.242,0.524
44,0.141,0.308
44,0.117,0.193
44,0.123,0.203
44,0.129,0.213
44,0.136,0.224
44,0.151,0.248
44,0.159,0.262
44,0.213,0.461
44,0.225,0.487
44,0.239,0.516
44,0.253,0.546
44,0.113,0.187
44,0.119,0.196
44,0.125,0.206
44,0.132,0.217
44,0.139,0.228
44,0.146,0.24
44,0.155,0.254
44,0.207,0.447
44,0.219,0.474
44,0.233,0.503
44,0.247,0.534
44,0.263,0.569
44,0.115,0.19
44,0.121,0.199
44,0.127,0.209
44,0.149,0.245
44,0.158,0.259
44,0.211,0.458
44,0.225,0.486
44,0.239,0.518
44,0.256,0.552
44,0.273,0.59
44,0.116,0.191
44,0.122,0.201
44,0.128,0.212
44,0.135,0.223
44,0.143,0.235
44,0.151,0.249
44,0.161,0.264
44,0.216,0.467
44,0.23,0.497
44,0.245,0.53
44,0.263,0.568
44,0.282,0.609
44,0.117,0.193
44,0.155,0.338
44,0.13,0.214
44,0.137,0.225
44,0.145,0.238
44,0.153,0.252
44,0.208,0.505
44,0.219,0.474
44,0.234,0.506
44,0.25,0.541
44,0.269,0.581
44,0.29,0.625
44,0.118,0.194
44,0.156,0.34
44,0.131,0.215
44,0.174,0.378
44,0.184,0.4
44,0.195,0.424
44,0.208,0.45
44,0.222,0.48
44,0.237,0.512
44,0.254,0.549
44,0.274,0.591
44,0.296,0.638
44,0.118,0.195
44,0.124,0.205
44,0.131,0.216
44,0.175,0.38
44,0.185,0.402
44,0.197,0.426
44,0.211,0.513
44,0.223,0.483
44,0.239,0.516
44,0.257,0.554
44,0.277,0.597
44,0.3,0.646
44,0.118,0.195
44,0.131,0.216
44,0.139,0.228
44,0.185,0.403
44,0.156,0.256
44,0.21,0.454
44,0.224,0.484
44,0.239,0.518
44,0.257,0.556
44,0.278,0.599
44,0.301,0.648
44,0.118,0.195
44,0.157,0.342
44,0.131,0.216
44,0.138,0.228
44,0.185,0.402
44,0.196,0.426
44,0.209,0.453
44,0.223,0.483
44,0.239,0.516
44,0.256,0.554
44,0.277,0.597
44,0.299,0.645
44,0.148,0.324
44,0.146,0.24
44,0.155,0.254
44,0.208,0.45
44,0.221,0.479
44,0.237,0.512
44,0.254,0.549
44,0.274,0.59
44,0.296,0.637
45,0.122,0.203
45,0.127,0.212
45,0.133,0.222
45,0.139,0.232
45,0.146,0.243
45,0.153,0.255
45,0.161,0.267
45,0.213,0.467
45,0.224,0.49
45,0.235,0.514
45,0.247,0.54
45,0.259,0.566
45,0.124,0.207
45,0.13,0.216
45,0.136,0.226
45,0.15,0.249
45,0.166,0.275
45,0.22,0.482
45,0.232,0.507
45,0.245,0.534
45,0.258,0.563
45,0.272,0.593
45,0.159,0.35
45,0.132,0.22
45,0.139,0.231
45,0.146,0.242
45,0.153,0.255
45,0.17,0.282
45,0.18,0.298
45,0.24,0.524
45,0.254,0.554
45,0.269,0.586
45,0.285,0.621
45,0.128,0.213
45,0.134,0.224
45,0.141,0.235
45,0.149,0.247
45,0.157,0.26
45,0.165,0.274
45,0.175,0.289
45,0.233,0.51
45,0.247,0.54
45,0.263,0.573
45,0.279,0.609
45,0.297,0.647
45,0.13,0.216
45,0.136,0.227
45,0.143,0.238
45,0.169,0.279
45,0.179,0.296
45,0.239,0.523
45,0.254,0.555
45,0.271,0.591
45,0.289,0.63
45,0.309,0.673
45,0.131,0.218
45,0.138,0.229
45,0.145,0.241
45,0.153,0.254
45,0.162,0.269
45,0.171,0.284
45,0.182,0.301
45,0.244,0.533
45,0.26,0.568
45,0.278,0.606
45,0.298,0.649
45,0.32,0.697
45,0.132,0.22
45,0.176,0.386
45,0.147,0.244
45,0.155,0.257
45,0.164,0.272
45,0.174,0.288
45,0.236,0.577
45,0.248,0.542
45,0.265,0.579
45,0.284,0.619
45,0.305,0.665
45,0.329,0.717
45,0.133,0.221
45,0.177,0.388
45,0.148,0.245
45,0.197,0.432
45,0.209,0.457
45,0.221,0.485
45,0.236,0.515
45,0.251,0.549
45,0.269,0.587
45,0.289,0.629
45,0.311,0.677
45,0.336,0.732
45,0.134,0.222
45,0.141,0.234
45,0.148,0.247
45,0.198,0.434
45,0.21,0.459
45,0.223,0.487
45,0.24,0.587
45,0.253,0.553
45,0.271,0.592
45,0.291,0.635
45,0.314,0.685
45,0.341,0.742
45,0.134,0.223
45,0.149,0.247
45,0.157,0.261
45,0.21,0.46
45,0.177,0.293
45,0.238,0.52
45,0.254,0.554
45,0.272,0.593
45,0.292,0.637
45,0.316,0.687
45,0.342,0.745
45,0.134,0.222
45,0.178,0.39
45,0.148,0.247
45,0.157,0.26
45,0.21,0.459
45,0.223,0.487
45,0.237,0.518
45,0.253,0.553
45,0.271,0.591
45,0.291,0.635
45,0.314,0.685
45,0.341,0.741
45,0.168,0.369
45,0.165,0.274
45,0.175,0.291
45,0.235,0.515
45,0.251,0.549
45,0.269,0.586
45,0.288,0.629
45,0.311,0.677
45,0.336,0.731
46,0.139,0.233
46,0.145,0.244
46,0.152,0.255
46,0.159,0.267
46,0.167,0.279
46,0.175,0.292
46,0.183,0.307
46,0.243,0.536
46,0.254,0.562
46,0.267,0.589
46,0.28,0.618
46,0.293,0.647
46,0.142,0.238
46,0.148,0.249
46,0.155,0.261
46,0.171,0.287
46,0.189,0.316
46,0.251,0.554
46,0.264,0.583
46,0.278,0.614
46,0.293,0.646
46,0.308,0.68
46,0.182,0.403
46,0.151,0.254
46,0.159,0.266
46,0.167,0.279
46,0.175,0.294
46,0.195,0.326
46,0.205,0.343
46,0.274,0.604
46,0.289,0.639
46,0.306,0.675
46,0.324,0.713
46,0.146,0.246
46,0.154,0.258
46,0.162,0.271
46,0.17,0.285
46,0.179,0.3
46,0.189,0.317
46,0.2,0.334
46,0.267,0.59
46,0.283,0.624
46,0.3,0.662
46,0.319,0.703
46,0.339,0.747
46,0.148,0.249
46,0.156,0.262
46,0.164,0.275
46,0.193,0.323
46,0.205,0.342
46,0.274,0.605
46,0.292,0.643
46,0.311,0.685
46,0.331,0.73
46,0.354,0.78
46,0.15,0.252
46,0.158,0.265
46,0.166,0.279
46,0.176,0.294
46,0.186,0.311
46,0.197,0.329
46,0.209,0.349
46,0.28,0.619
46,0.299,0.66
46,0.32,0.705
46,0.343,0.755
46,0.368,0.81
46,0.151,0.254
46,0.201,0.446
46,0.168,0.282
46,0.178,0.298
46,0.188,0.315
46,0.2,0.334
46,0.271,0.67
46,0.286,0.63
46,0.305,0.673
46,0.327,0.721
46,0.352,0.776
46,0.38,0.837
46,0.152,0.256
46,0.203,0.449
46,0.169,0.284
46,0.226,0.5
46,0.24,0.53
46,0.255,0.562
46,0.271,0.598
46,0.289,0.639
46,0.31,0.684
46,0.333,0.734
46,0.359,0.792
46,0.389,0.857
46,0.153,0.257
46,0.161,0.27
46,0.17,0.285
46,0.227,0.503
46,0.241,0.533
46,0.256,0.566
46,0.276,0.683
46,0.292,0.644
46,0.313,0.69
46,0.337,0.742
46,0.364,0.802
46,0.395,0.87
46,0.153,0.257
46,0.171,0.286
46,0.18,0.302
46,0.242,0.534
46,0.203,0.34
46,0.274,0.604
46,0.293,0.645
46,0.314,0.692
46,0.338,0.745
46,0.366,0.805
46,0.397,0.875
46,0.153,0.257
46,0.204,0.451
46,0.17,0.285
46,0.18,0.302
46,0.241,0.533
46,0.256,0.566
46,0.273,0.603
46,0.292,0.644
46,0.313,0.69
46,0.337,0.742
46,0.364,0.801
46,0.395,0.87
46,0.192,0.426
46,0.19,0.318
46,0.202,0.337
46,0.271,0.598
46,0.289,0.638
46,0.31,0.683
46,0.333,0.734
46,0.359,0.791
46,0.389,0.856
47,0.164,0.278
47,0.171,0.291
47,0.179,0.304
47,0.188,0.318
47,0.197,0.333
47,0.206,0.349
47,0.216,0.366
47,0.286,0.638
47,0.299,0.668
47,0.313,0.699
47,0.327,0.73
47,0.341,0.761
47,0.168,0.284
47,0.176,0.297
47,0.184,0.312
47,0.203,0.343
47,0.224,0.379
47,0.298,0.664
47,0.313,0.698
47,0.329,0.733
47,0.345,0.769
47,0.361,0.805
47,0.216,0.483
47,0.179,0.304
47,0.188,0.319
47,0.198,0.335
47,0.209,0.353
47,0.232,0.392
47,0.245,0.413
47,0.326,0.727
47,0.344,0.768
47,0.363,0.81
47,0.382,0.852
47,0.174,0.295
47,0.183,0.31
47,0.192,0.326
47,0.203,0.343
47,0.214,0.362
47,0.226,0.382
47,0.239,0.404
47,0.32,0.714
47,0.339,0.756
47,0.36,0.802
47,0.382,0.851
47,0.404,0.901
47,0.177,0.299
47,0.186,0.315
47,0.196,0.332
47,0.232,0.392
47,0.246,0.416
47,0.33,0.737
47,0.351,0.784
47,0.375,0.835
47,0.4,0.891
47,0.426,0.951
47,0.179,0.303
47,0.189,0.319
47,0.199,0.337
47,0.211,0.356
47,0.223,0.377
47,0.237,0.4
47,0.252,0.426
47,0.339,0.757
47,0.363,0.809
47,0.388,0.866
47,0.417,0.929
47,0.448,0.998
47,0.181,0.306
47,0.241,0.539
47,0.202,0.341
47,0.214,0.361
47,0.227,0.383
47,0.241,0.407
47,0.328,0.82
47,0.347,0.774
47,0.372,0.83
47,0.4,0.892
47,0.432,0.963
47,0.467,1.042
47,0.182,0.309
47,0.243,0.543
47,0.204,0.344
47,0.272,0.608
47,0.289,0.646
47,0.308,0.688
47,0.329,0.735
47,0.353,0.787
47,0.379,0.846
47,0.41,0.913
47,0.444,0.989
47,0.483,1.077
47,0.183,0.31
47,0.193,0.327
47,0.205,0.346
47,0.274,0.612
47,0.291,0.65
47,0.311,0.693
47,0.336,0.84
47,0.357,0.795
47,0.384,0.856
47,0.415,0.926
47,0.451,1.006
47,0.493,1.1
47,0.183,0.31
47,0.205,0.347
47,0.218,0.368
47,0.292,0.652
47,0.247,0.417
47,0.333,0.743
47,0.358,0.798
47,0.385,0.859
47,0.417,0.93
47,0.454,1.012
47,0.497,1.108
47,0.183,0.31
47,0.244,0.545
47,0.205,0.346
47,0.217,0.367
47,0.291,0.65
47,0.311,0.693
47,0.332,0.741
47,0.356,0.795
47,0.384,0.856
47,0.415,0.925
47,0.451,1.006
47,0.493,1.099
47,0.23,0.514
47,0.229,0.387
47,0.244,0.412
47,0.329,0.734
47,0.353,0.786
47,0.379,0.845
47,0.409,0.912
47,0.443,0.988
47,0.482,1.075
48,0.076,0.124
48,0.079,0.128
48,0.082,0.133
48,0.085,0.138
48,0.088,0.143
48,0.091,0.149
48,0.095,0.154
48,0.124,0.266
48,0.129,0.276
48,0.134,0.286
48,0.139,0.297
48,0.144,0.307
48,0.077,0.126
48,0.081,0.131
48,0.084,0.136
48,0.091,0.147
48,0.098,0.159
48,0.129,0.276
48,0.134,0.287
48,0.139,0.298
48,0.145,0.309
48,0.15,0.321
48,0.1,0.216
48,0.082,0.134
48,0.086,0.14
48,0.089,0.146
48,0.093,0.152
48,0.101,0.164
48,0.106,0.171
48,0.139,0.298
48,0.145,0.31
48,0.151,0.323
48,0.157,0.336
48,0.081,0.132
48,0.084,0.138
48,0.088,0.143
48,0.092,0.149
48,0.096,0.156
48,0.1,0.163
48,0.105,0.17
48,0.138,0.295
48,0.144,0.308
48,0.151,0.322
48,0.158,0.336
48,0.165,0.351
48,0.083,0.135
48,0.086,0.141
48,0.09,0.147
48,0.103,0.167
48,0.108,0.175
48,0.143,0.305
48,0.15,0.319
48,0.157,0.334
48,0.164,0.35
48,0.172,0.367
48,0.084,0.137
48,0.088,0.143
48,0.092,0.15
48,0.096,0.157
48,0.101,0.164
48,0.106,0.172
48,0.111,0.18
48,0.147,0.315
48,0.155,0.33
48,0.163,0.347
48,0.171,0.364
48,0.18,0.383
48,0.086,0.14
48,0.113,0.243
48,0.094,0.153
48,0.099,0.16
48,0.103,0.168
48,0.109,0.176
48,0.146,0.349
48,0.152,0.324
48,0.16,0.341
48,0.169,0.359
48,0.178,0.379
48,0.188,0.399
48,0.087,0.142
48,0.115,0.248
48,0.096,0.156
48,0.127,0.272
48,0.133,0.286
48,0.14,0.3
48,0.148,0.316
48,0.156,0.333
48,0.165,0.352
48,0.174,0.371
48,0.185,0.393
48,0.196,0.416
48,0.088,0.144
48,0.093,0.151
48,0.097,0.158
48,0.129,0.277
48,0.136,0.291
48,0.143,0.307
48,0.153,0.367
48,0.16,0.342
48,0.17,0.361
48,0.18,0.383
48,0.191,0.406
48,0.203,0.432
48,0.09,0.146
48,0.099,0.16
48,0.104,0.169
48,0.138,0.296
48,0.116,0.187
48,0.155,0.33
48,0.164,0.349
48,0.174,0.371
48,0.185,0.394
48,0.197,0.419
48,0.211,0.447
48,0.091,0.147
48,0.12,0.258
48,0.1,0.162
48,0.105,0.171
48,0.141,0.301
48,0.149,0.317
48,0.157,0.336
48,0.167,0.356
48,0.178,0.379
48,0.19,0.403
48,0.203,0.431
48,0.218,0.461
48,0.115,0.248
48,0.113,0.182
48,0.119,0.193
48,0.16,0.341
48,0.17,0.362
48,0.181,0.385
48,0.194,0.411
48,0.208,0.441
48,0.223,0.473
49,0.085,0.14
49,0.088,0.145
49,0.092,0.15
49,0.095,0.156
49,0.099,0.162
49,0.102,0.168
49,0.106,0.174
49,0.139,0.301
49,0.144,0.312
49,0.15,0.323
49,0.155,0.334
49,0.16,0.345
49,0.087,0.143
49,0.091,0.149
49,0.094,0.154
49,0.102,0.167
49,0.11,0.18
49,0.144,0.312
49,0.15,0.324
49,0.156,0.336
49,0.162,0.349
49,0.168,0.361
49,0.113,0.244
49,0.093,0.152
49,0.097,0.158
49,0.101,0.165
49,0.105,0.172
49,0.114,0.186
49,0.119,0.194
49,0.156,0.336
49,0.162,0.35
49,0.169,0.364
49,0.176,0.378
49,0.091,0.15
49,0.095,0.156
49,0.099,0.162
49,0.103,0.169
49,0.108,0.176
49,0.113,0.184
49,0.118,0.192
49,0.155,0.334
49,0.162,0.349
49,0.169,0.364
49,0.177,0.38
49,0.184,0.396
49,0.093,0.153
49,0.097,0.159
49,0.101,0.166
49,0.116,0.189
49,0.121,0.198
49,0.16,0.346
49,0.168,0.362
49,0.176,0.379
49,0.184,0.396
49,0.193,0.414
49,0.095,0.156
49,0.099,0.163
49,0.104,0.17
49,0.109,0.178
49,0.114,0.186
49,0.119,0.195
49,0.125,0.204
49,0.166,0.357
49,0.174,0.374
49,0.183,0.393
49,0.192,0.413
49,0.202,0.433
49,0.097,0.159
49,0.128,0.276
49,0.106,0.173
49,0.111,0.182
49,0.117,0.19
49,0.122,0.2
49,0.164,0.397
49,0.171,0.368
49,0.18,0.387
49,0.19,0.408
49,0.2,0.429
49,0.211,0.453
49,0.098,0.161
49,0.13,0.281
49,0.108,0.177
49,0.143,0.309
49,0.15,0.325
49,0.158,0.341
49,0.167,0.359
49,0.176,0.379
49,0.186,0.399
49,0.197,0.422
49,0.208,0.446
49,0.22,0.472
49,0.1,0.164
49,0.105,0.171
49,0.11,0.18
49,0.146,0.315
49,0.154,0.331
49,0.162,0.349
49,0.173,0.417
49,0.181,0.389
49,0.191,0.411
49,0.203,0.436
49,0.216,0.462
49,0.229,0.491
49,0.101,0.166
49,0.112,0.182
49,0.117,0.192
49,0.156,0.337
49,0.131,0.213
49,0.175,0.376
49,0.185,0.398
49,0.197,0.422
49,0.209,0.448
49,0.223,0.477
49,0.238,0.509
49,0.102,0.167
49,0.136,0.293
49,0.113,0.185
49,0.119,0.195
49,0.159,0.342
49,0.168,0.361
49,0.178,0.383
49,0.189,0.406
49,0.201,0.431
49,0.215,0.46
49,0.229,0.491
49,0.246,0.526
49,0.13,0.282
49,0.127,0.208
49,0.135,0.22
49,0.181,0.388
49,0.192,0.413
49,0.205,0.44
49,0.219,0.47
49,0.235,0.503
49,0.253,0.541
